ID,L1,Item,Age,AgeExp,Hours,Proficiency,Type,Condition,Certainty,RT,Response
s1,English,item1,49,NA,NA,Nat,Filler,NA,1,7.65,NA
s1,English,item2,49,NA,NA,Nat,Filler,NA,3,7.19,NA
s1,English,item3,49,NA,NA,Nat,Filler,NA,6,3.42,NA
s1,English,item4,49,NA,NA,Nat,Filler,NA,2,2.16,NA
s1,English,item5,49,NA,NA,Nat,Filler,NA,2,3.3,NA
s1,English,item6,49,NA,NA,Nat,Filler,NA,3,4.42,NA
s1,English,item7,49,NA,NA,Nat,Filler,NA,6,3.3,NA
s1,English,item8,49,NA,NA,Nat,Filler,NA,2,3.34,NA
s1,English,item9,49,NA,NA,Nat,Filler,NA,4,5.27,NA
s1,English,item10,49,NA,NA,Nat,Filler,NA,3,6.64,NA
s1,English,item11,49,NA,NA,Nat,Filler,NA,5,3.33,NA
s1,English,item12,49,NA,NA,Nat,Filler,NA,2,4.71,NA
s1,English,item13,49,NA,NA,Nat,Filler,NA,2,5.45,NA
s1,English,item14,49,NA,NA,Nat,Filler,NA,1,8.35,NA
s1,English,item15,49,NA,NA,Nat,Filler,NA,3,3.05,NA
s1,English,item16,49,NA,NA,Nat,Filler,NA,3,3.75,NA
s1,English,item17,49,NA,NA,Nat,Filler,NA,2,3.28,NA
s1,English,item18,49,NA,NA,Nat,Filler,NA,2,6.05,NA
s1,English,item19,49,NA,NA,Nat,Filler,NA,5,4.83,NA
s1,English,item20,49,NA,NA,Nat,Filler,NA,2,6.48,NA
s1,English,item21,49,NA,NA,Nat,Target,NoBreak,5,4.28,Low
s1,English,item22,49,NA,NA,Nat,Target,NoBreak,4,5.33,Low
s1,English,item23,49,NA,NA,Nat,Target,NoBreak,5,5,Low
s1,English,item24,49,NA,NA,Nat,Target,NoBreak,4,4.6,High
s1,English,item25,49,NA,NA,Nat,Target,NoBreak,6,3.32,Low
s1,English,item26,49,NA,NA,Nat,Target,NoBreak,1,7.05,High
s1,English,item27,49,NA,NA,Nat,Target,NoBreak,3,3.75,High
s1,English,item28,49,NA,NA,Nat,Target,NoBreak,2,5.87,High
s1,English,item29,49,NA,NA,Nat,Target,NoBreak,3,4.88,High
s1,English,item30,49,NA,NA,Nat,Target,NoBreak,3,8.08,Low
s1,English,item31,49,NA,NA,Nat,Target,High,1,6.75,High
s1,English,item32,49,NA,NA,Nat,Target,High,4,4.68,High
s1,English,item33,49,NA,NA,Nat,Target,High,5,5.33,Low
s1,English,item34,49,NA,NA,Nat,Target,High,5,5.1,High
s1,English,item35,49,NA,NA,Nat,Target,High,5,3.19,Low
s1,English,item36,49,NA,NA,Nat,Target,High,3,8.71,High
s1,English,item37,49,NA,NA,Nat,Target,High,3,7.45,Low
s1,English,item38,49,NA,NA,Nat,Target,High,1,3.83,Low
s1,English,item39,49,NA,NA,Nat,Target,High,4,6.1,High
s1,English,item40,49,NA,NA,Nat,Target,High,4,5.82,Low
s1,English,item41,49,NA,NA,Nat,Target,Low,6,2.11,High
s1,English,item42,49,NA,NA,Nat,Target,Low,2,7.31,Low
s1,English,item43,49,NA,NA,Nat,Target,Low,4,3.86,Low
s1,English,item44,49,NA,NA,Nat,Target,Low,6,4.72,Low
s1,English,item45,49,NA,NA,Nat,Target,Low,4,5.16,Low
s1,English,item46,49,NA,NA,Nat,Target,Low,6,2.39,Low
s1,English,item47,49,NA,NA,Nat,Target,Low,4,2.21,Low
s1,English,item48,49,NA,NA,Nat,Target,Low,4,4.26,Low
s1,English,item49,49,NA,NA,Nat,Target,Low,5,5.5,High
s1,English,item50,49,NA,NA,Nat,Target,Low,2,4.5,Low
s2,English,item1,28,NA,NA,Nat,Filler,NA,1,5,NA
s2,English,item2,28,NA,NA,Nat,Filler,NA,4,4.42,NA
s2,English,item3,28,NA,NA,Nat,Filler,NA,2,4.75,NA
s2,English,item4,28,NA,NA,Nat,Filler,NA,6,1.71,NA
s2,English,item5,28,NA,NA,Nat,Filler,NA,1,4.96,NA
s2,English,item6,28,NA,NA,Nat,Filler,NA,2,2.67,NA
s2,English,item7,28,NA,NA,Nat,Filler,NA,3,3.17,NA
s2,English,item8,28,NA,NA,Nat,Filler,NA,4,3.74,NA
s2,English,item9,28,NA,NA,Nat,Filler,NA,1,2.89,NA
s2,English,item10,28,NA,NA,Nat,Filler,NA,3,3.74,NA
s2,English,item11,28,NA,NA,Nat,Filler,NA,5,3.21,NA
s2,English,item12,28,NA,NA,Nat,Filler,NA,3,2.78,NA
s2,English,item13,28,NA,NA,Nat,Filler,NA,4,3.03,NA
s2,English,item14,28,NA,NA,Nat,Filler,NA,2,5.84,NA
s2,English,item15,28,NA,NA,Nat,Filler,NA,1,1.94,NA
s2,English,item16,28,NA,NA,Nat,Filler,NA,4,3.56,NA
s2,English,item17,28,NA,NA,Nat,Filler,NA,1,1.6,NA
s2,English,item18,28,NA,NA,Nat,Filler,NA,4,2.85,NA
s2,English,item19,28,NA,NA,Nat,Filler,NA,2,3.12,NA
s2,English,item20,28,NA,NA,Nat,Filler,NA,5,6.31,NA
s2,English,item21,28,NA,NA,Nat,Target,NoBreak,2,2.09,Low
s2,English,item22,28,NA,NA,Nat,Target,NoBreak,2,2.23,Low
s2,English,item23,28,NA,NA,Nat,Target,NoBreak,2,2.97,Low
s2,English,item24,28,NA,NA,Nat,Target,NoBreak,3,3.87,Low
s2,English,item25,28,NA,NA,Nat,Target,NoBreak,1,5.39,High
s2,English,item26,28,NA,NA,Nat,Target,NoBreak,2,1.72,High
s2,English,item27,28,NA,NA,Nat,Target,NoBreak,3,2.92,High
s2,English,item28,28,NA,NA,Nat,Target,NoBreak,3,5.72,Low
s2,English,item29,28,NA,NA,Nat,Target,NoBreak,3,2.52,High
s2,English,item30,28,NA,NA,Nat,Target,NoBreak,6,4.66,Low
s2,English,item31,28,NA,NA,Nat,Target,High,2,4.82,Low
s2,English,item32,28,NA,NA,Nat,Target,High,4,2.18,Low
s2,English,item33,28,NA,NA,Nat,Target,High,2,6.11,Low
s2,English,item34,28,NA,NA,Nat,Target,High,1,5.45,High
s2,English,item35,28,NA,NA,Nat,Target,High,1,3.45,High
s2,English,item36,28,NA,NA,Nat,Target,High,3,2.8,Low
s2,English,item37,28,NA,NA,Nat,Target,High,1,3.6,High
s2,English,item38,28,NA,NA,Nat,Target,High,1,5.48,High
s2,English,item39,28,NA,NA,Nat,Target,High,3,3.33,Low
s2,English,item40,28,NA,NA,Nat,Target,High,4,2.85,Low
s2,English,item41,28,NA,NA,Nat,Target,Low,2,3.21,Low
s2,English,item42,28,NA,NA,Nat,Target,Low,6,4.64,High
s2,English,item43,28,NA,NA,Nat,Target,Low,6,1.62,Low
s2,English,item44,28,NA,NA,Nat,Target,Low,6,3.06,Low
s2,English,item45,28,NA,NA,Nat,Target,Low,5,3.09,Low
s2,English,item46,28,NA,NA,Nat,Target,Low,6,3.61,Low
s2,English,item47,28,NA,NA,Nat,Target,Low,6,3.23,Low
s2,English,item48,28,NA,NA,Nat,Target,Low,5,3.38,Low
s2,English,item49,28,NA,NA,Nat,Target,Low,6,2.46,Low
s2,English,item50,28,NA,NA,Nat,Target,Low,5,2.33,Low
s3,English,item1,31,NA,NA,Nat,Filler,NA,2,5.46,NA
s3,English,item2,31,NA,NA,Nat,Filler,NA,1,4.22,NA
s3,English,item3,31,NA,NA,Nat,Filler,NA,3,3.75,NA
s3,English,item4,31,NA,NA,Nat,Filler,NA,1,2.08,NA
s3,English,item5,31,NA,NA,Nat,Filler,NA,6,1.98,NA
s3,English,item6,31,NA,NA,Nat,Filler,NA,1,5.29,NA
s3,English,item7,31,NA,NA,Nat,Filler,NA,4,3.39,NA
s3,English,item8,31,NA,NA,Nat,Filler,NA,5,2.09,NA
s3,English,item9,31,NA,NA,Nat,Filler,NA,1,3.34,NA
s3,English,item10,31,NA,NA,Nat,Filler,NA,3,3.44,NA
s3,English,item11,31,NA,NA,Nat,Filler,NA,4,3.24,NA
s3,English,item12,31,NA,NA,Nat,Filler,NA,5,4.85,NA
s3,English,item13,31,NA,NA,Nat,Filler,NA,4,6.51,NA
s3,English,item14,31,NA,NA,Nat,Filler,NA,1,5.65,NA
s3,English,item15,31,NA,NA,Nat,Filler,NA,1,6.07,NA
s3,English,item16,31,NA,NA,Nat,Filler,NA,5,3.52,NA
s3,English,item17,31,NA,NA,Nat,Filler,NA,5,5.42,NA
s3,English,item18,31,NA,NA,Nat,Filler,NA,1,2.46,NA
s3,English,item19,31,NA,NA,Nat,Filler,NA,5,3.82,NA
s3,English,item20,31,NA,NA,Nat,Filler,NA,4,7.59,NA
s3,English,item21,31,NA,NA,Nat,Target,NoBreak,2,3.71,High
s3,English,item22,31,NA,NA,Nat,Target,NoBreak,6,3.23,Low
s3,English,item23,31,NA,NA,Nat,Target,NoBreak,2,2.78,Low
s3,English,item24,31,NA,NA,Nat,Target,NoBreak,1,4.98,Low
s3,English,item25,31,NA,NA,Nat,Target,NoBreak,5,7.14,High
s3,English,item26,31,NA,NA,Nat,Target,NoBreak,5,4.39,Low
s3,English,item27,31,NA,NA,Nat,Target,NoBreak,6,3.3,Low
s3,English,item28,31,NA,NA,Nat,Target,NoBreak,6,7.09,High
s3,English,item29,31,NA,NA,Nat,Target,NoBreak,2,2.46,Low
s3,English,item30,31,NA,NA,Nat,Target,NoBreak,6,5.56,High
s3,English,item31,31,NA,NA,Nat,Target,High,5,3.69,High
s3,English,item32,31,NA,NA,Nat,Target,High,4,2.72,Low
s3,English,item33,31,NA,NA,Nat,Target,High,1,6.35,High
s3,English,item34,31,NA,NA,Nat,Target,High,5,3.08,High
s3,English,item35,31,NA,NA,Nat,Target,High,5,3.87,High
s3,English,item36,31,NA,NA,Nat,Target,High,3,4.4,Low
s3,English,item37,31,NA,NA,Nat,Target,High,1,3.66,Low
s3,English,item38,31,NA,NA,Nat,Target,High,4,1.72,High
s3,English,item39,31,NA,NA,Nat,Target,High,4,3.33,Low
s3,English,item40,31,NA,NA,Nat,Target,High,3,1.85,Low
s3,English,item41,31,NA,NA,Nat,Target,Low,5,6.68,Low
s3,English,item42,31,NA,NA,Nat,Target,Low,2,2.18,Low
s3,English,item43,31,NA,NA,Nat,Target,Low,3,1.77,Low
s3,English,item44,31,NA,NA,Nat,Target,Low,5,4.69,Low
s3,English,item45,31,NA,NA,Nat,Target,Low,2,5.03,Low
s3,English,item46,31,NA,NA,Nat,Target,Low,2,3.25,Low
s3,English,item47,31,NA,NA,Nat,Target,Low,4,3.23,Low
s3,English,item48,31,NA,NA,Nat,Target,Low,2,4.74,Low
s3,English,item49,31,NA,NA,Nat,Target,Low,2,5.83,Low
s3,English,item50,31,NA,NA,Nat,Target,Low,6,2.61,Low
s4,English,item1,25,NA,NA,Nat,Filler,NA,6,5.71,NA
s4,English,item2,25,NA,NA,Nat,Filler,NA,6,4.04,NA
s4,English,item3,25,NA,NA,Nat,Filler,NA,4,3.24,NA
s4,English,item4,25,NA,NA,Nat,Filler,NA,3,5.65,NA
s4,English,item5,25,NA,NA,Nat,Filler,NA,5,5.16,NA
s4,English,item6,25,NA,NA,Nat,Filler,NA,3,5.67,NA
s4,English,item7,25,NA,NA,Nat,Filler,NA,5,3.31,NA
s4,English,item8,25,NA,NA,Nat,Filler,NA,1,4.91,NA
s4,English,item9,25,NA,NA,Nat,Filler,NA,1,4.19,NA
s4,English,item10,25,NA,NA,Nat,Filler,NA,1,2.97,NA
s4,English,item11,25,NA,NA,Nat,Filler,NA,6,6.39,NA
s4,English,item12,25,NA,NA,Nat,Filler,NA,5,3.99,NA
s4,English,item13,25,NA,NA,Nat,Filler,NA,4,3.67,NA
s4,English,item14,25,NA,NA,Nat,Filler,NA,4,4.54,NA
s4,English,item15,25,NA,NA,Nat,Filler,NA,4,4.33,NA
s4,English,item16,25,NA,NA,Nat,Filler,NA,6,2.69,NA
s4,English,item17,25,NA,NA,Nat,Filler,NA,4,3.67,NA
s4,English,item18,25,NA,NA,Nat,Filler,NA,5,7.66,NA
s4,English,item19,25,NA,NA,Nat,Filler,NA,2,3.64,NA
s4,English,item20,25,NA,NA,Nat,Filler,NA,4,3.31,NA
s4,English,item21,25,NA,NA,Nat,Target,NoBreak,1,4.55,Low
s4,English,item22,25,NA,NA,Nat,Target,NoBreak,4,4.05,Low
s4,English,item23,25,NA,NA,Nat,Target,NoBreak,6,2.64,High
s4,English,item24,25,NA,NA,Nat,Target,NoBreak,4,1.83,High
s4,English,item25,25,NA,NA,Nat,Target,NoBreak,5,4.72,High
s4,English,item26,25,NA,NA,Nat,Target,NoBreak,4,3.63,High
s4,English,item27,25,NA,NA,Nat,Target,NoBreak,2,4.17,Low
s4,English,item28,25,NA,NA,Nat,Target,NoBreak,2,3.01,Low
s4,English,item29,25,NA,NA,Nat,Target,NoBreak,2,2.47,High
s4,English,item30,25,NA,NA,Nat,Target,NoBreak,1,3.55,High
s4,English,item31,25,NA,NA,Nat,Target,High,1,7.64,Low
s4,English,item32,25,NA,NA,Nat,Target,High,3,1.86,High
s4,English,item33,25,NA,NA,Nat,Target,High,3,2.57,High
s4,English,item34,25,NA,NA,Nat,Target,High,4,2.05,Low
s4,English,item35,25,NA,NA,Nat,Target,High,4,3.5,Low
s4,English,item36,25,NA,NA,Nat,Target,High,5,6.12,High
s4,English,item37,25,NA,NA,Nat,Target,High,1,3.82,High
s4,English,item38,25,NA,NA,Nat,Target,High,4,3.67,High
s4,English,item39,25,NA,NA,Nat,Target,High,3,2.12,Low
s4,English,item40,25,NA,NA,Nat,Target,High,5,4.15,High
s4,English,item41,25,NA,NA,Nat,Target,Low,2,4.85,High
s4,English,item42,25,NA,NA,Nat,Target,Low,3,6.69,Low
s4,English,item43,25,NA,NA,Nat,Target,Low,2,5.27,Low
s4,English,item44,25,NA,NA,Nat,Target,Low,6,1.99,Low
s4,English,item45,25,NA,NA,Nat,Target,Low,3,2.55,Low
s4,English,item46,25,NA,NA,Nat,Target,Low,4,4.21,Low
s4,English,item47,25,NA,NA,Nat,Target,Low,4,3.28,Low
s4,English,item48,25,NA,NA,Nat,Target,Low,3,3.71,Low
s4,English,item49,25,NA,NA,Nat,Target,Low,2,2.83,Low
s4,English,item50,25,NA,NA,Nat,Target,Low,5,2.66,Low
s5,English,item1,26,NA,NA,Nat,Filler,NA,2,2.39,NA
s5,English,item2,26,NA,NA,Nat,Filler,NA,5,2.39,NA
s5,English,item3,26,NA,NA,Nat,Filler,NA,5,2.71,NA
s5,English,item4,26,NA,NA,Nat,Filler,NA,3,3.17,NA
s5,English,item5,26,NA,NA,Nat,Filler,NA,2,3.79,NA
s5,English,item6,26,NA,NA,Nat,Filler,NA,4,4.76,NA
s5,English,item7,26,NA,NA,Nat,Filler,NA,3,3.03,NA
s5,English,item8,26,NA,NA,Nat,Filler,NA,3,2.5,NA
s5,English,item9,26,NA,NA,Nat,Filler,NA,6,6.26,NA
s5,English,item10,26,NA,NA,Nat,Filler,NA,6,5.31,NA
s5,English,item11,26,NA,NA,Nat,Filler,NA,1,4.86,NA
s5,English,item12,26,NA,NA,Nat,Filler,NA,4,6.38,NA
s5,English,item13,26,NA,NA,Nat,Filler,NA,5,2.31,NA
s5,English,item14,26,NA,NA,Nat,Filler,NA,4,6.91,NA
s5,English,item15,26,NA,NA,Nat,Filler,NA,6,5.66,NA
s5,English,item16,26,NA,NA,Nat,Filler,NA,5,4.27,NA
s5,English,item17,26,NA,NA,Nat,Filler,NA,3,4.75,NA
s5,English,item18,26,NA,NA,Nat,Filler,NA,3,3.89,NA
s5,English,item19,26,NA,NA,Nat,Filler,NA,1,3.63,NA
s5,English,item20,26,NA,NA,Nat,Filler,NA,1,2.92,NA
s5,English,item21,26,NA,NA,Nat,Target,NoBreak,2,4.62,High
s5,English,item22,26,NA,NA,Nat,Target,NoBreak,5,6.75,Low
s5,English,item23,26,NA,NA,Nat,Target,NoBreak,1,6.67,Low
s5,English,item24,26,NA,NA,Nat,Target,NoBreak,3,3.75,Low
s5,English,item25,26,NA,NA,Nat,Target,NoBreak,2,3.33,High
s5,English,item26,26,NA,NA,Nat,Target,NoBreak,4,3.77,Low
s5,English,item27,26,NA,NA,Nat,Target,NoBreak,1,5.24,Low
s5,English,item28,26,NA,NA,Nat,Target,NoBreak,3,5.74,Low
s5,English,item29,26,NA,NA,Nat,Target,NoBreak,1,4.12,Low
s5,English,item30,26,NA,NA,Nat,Target,NoBreak,6,5.19,Low
s5,English,item31,26,NA,NA,Nat,Target,High,4,4.06,High
s5,English,item32,26,NA,NA,Nat,Target,High,3,4.86,High
s5,English,item33,26,NA,NA,Nat,Target,High,1,5.91,High
s5,English,item34,26,NA,NA,Nat,Target,High,4,9.64,Low
s5,English,item35,26,NA,NA,Nat,Target,High,4,4.02,Low
s5,English,item36,26,NA,NA,Nat,Target,High,2,3.09,High
s5,English,item37,26,NA,NA,Nat,Target,High,1,4.78,High
s5,English,item38,26,NA,NA,Nat,Target,High,5,3.49,High
s5,English,item39,26,NA,NA,Nat,Target,High,3,5.07,Low
s5,English,item40,26,NA,NA,Nat,Target,High,1,4.62,High
s5,English,item41,26,NA,NA,Nat,Target,Low,2,5.34,Low
s5,English,item42,26,NA,NA,Nat,Target,Low,6,1.89,Low
s5,English,item43,26,NA,NA,Nat,Target,Low,2,3.03,Low
s5,English,item44,26,NA,NA,Nat,Target,Low,4,5.73,Low
s5,English,item45,26,NA,NA,Nat,Target,Low,4,3.69,Low
s5,English,item46,26,NA,NA,Nat,Target,Low,6,1.94,Low
s5,English,item47,26,NA,NA,Nat,Target,Low,3,1.71,Low
s5,English,item48,26,NA,NA,Nat,Target,Low,6,2.5,Low
s5,English,item49,26,NA,NA,Nat,Target,Low,5,4.24,Low
s5,English,item50,26,NA,NA,Nat,Target,Low,3,2.54,High
s6,English,item1,47,NA,NA,Nat,Filler,NA,2,7.45,NA
s6,English,item2,47,NA,NA,Nat,Filler,NA,2,5.32,NA
s6,English,item3,47,NA,NA,Nat,Filler,NA,4,5.23,NA
s6,English,item4,47,NA,NA,Nat,Filler,NA,1,4.82,NA
s6,English,item5,47,NA,NA,Nat,Filler,NA,6,4.27,NA
s6,English,item6,47,NA,NA,Nat,Filler,NA,1,4.52,NA
s6,English,item7,47,NA,NA,Nat,Filler,NA,1,7.09,NA
s6,English,item8,47,NA,NA,Nat,Filler,NA,5,2.25,NA
s6,English,item9,47,NA,NA,Nat,Filler,NA,6,6.96,NA
s6,English,item10,47,NA,NA,Nat,Filler,NA,6,4.17,NA
s6,English,item11,47,NA,NA,Nat,Filler,NA,1,6.28,NA
s6,English,item12,47,NA,NA,Nat,Filler,NA,3,4.74,NA
s6,English,item13,47,NA,NA,Nat,Filler,NA,6,2.24,NA
s6,English,item14,47,NA,NA,Nat,Filler,NA,3,5.52,NA
s6,English,item15,47,NA,NA,Nat,Filler,NA,3,3.61,NA
s6,English,item16,47,NA,NA,Nat,Filler,NA,3,7.03,NA
s6,English,item17,47,NA,NA,Nat,Filler,NA,1,3.24,NA
s6,English,item18,47,NA,NA,Nat,Filler,NA,4,3.32,NA
s6,English,item19,47,NA,NA,Nat,Filler,NA,4,3.19,NA
s6,English,item20,47,NA,NA,Nat,Filler,NA,5,3.74,NA
s6,English,item21,47,NA,NA,Nat,Target,NoBreak,4,2.86,High
s6,English,item22,47,NA,NA,Nat,Target,NoBreak,1,4,Low
s6,English,item23,47,NA,NA,Nat,Target,NoBreak,5,3.31,Low
s6,English,item24,47,NA,NA,Nat,Target,NoBreak,6,3.67,Low
s6,English,item25,47,NA,NA,Nat,Target,NoBreak,5,5.1,Low
s6,English,item26,47,NA,NA,Nat,Target,NoBreak,2,2.2,Low
s6,English,item27,47,NA,NA,Nat,Target,NoBreak,4,5.94,Low
s6,English,item28,47,NA,NA,Nat,Target,NoBreak,3,4.46,Low
s6,English,item29,47,NA,NA,Nat,Target,NoBreak,1,4.39,Low
s6,English,item30,47,NA,NA,Nat,Target,NoBreak,5,2.45,Low
s6,English,item31,47,NA,NA,Nat,Target,High,4,4.65,High
s6,English,item32,47,NA,NA,Nat,Target,High,2,4.16,Low
s6,English,item33,47,NA,NA,Nat,Target,High,3,6.88,High
s6,English,item34,47,NA,NA,Nat,Target,High,1,7.94,Low
s6,English,item35,47,NA,NA,Nat,Target,High,2,7.63,Low
s6,English,item36,47,NA,NA,Nat,Target,High,2,3.08,High
s6,English,item37,47,NA,NA,Nat,Target,High,3,3.69,High
s6,English,item38,47,NA,NA,Nat,Target,High,5,5.06,High
s6,English,item39,47,NA,NA,Nat,Target,High,1,3.18,Low
s6,English,item40,47,NA,NA,Nat,Target,High,1,2.13,High
s6,English,item41,47,NA,NA,Nat,Target,Low,6,5.8,Low
s6,English,item42,47,NA,NA,Nat,Target,Low,4,4.4,High
s6,English,item43,47,NA,NA,Nat,Target,Low,5,5.46,High
s6,English,item44,47,NA,NA,Nat,Target,Low,3,3.87,Low
s6,English,item45,47,NA,NA,Nat,Target,Low,5,3.61,Low
s6,English,item46,47,NA,NA,Nat,Target,Low,6,2,High
s6,English,item47,47,NA,NA,Nat,Target,Low,4,2.66,Low
s6,English,item48,47,NA,NA,Nat,Target,Low,5,4.71,Low
s6,English,item49,47,NA,NA,Nat,Target,Low,4,2.69,Low
s6,English,item50,47,NA,NA,Nat,Target,Low,2,2.34,High
s7,English,item1,35,NA,NA,Nat,Filler,NA,5,2.03,NA
s7,English,item2,35,NA,NA,Nat,Filler,NA,3,1.81,NA
s7,English,item3,35,NA,NA,Nat,Filler,NA,5,2.78,NA
s7,English,item4,35,NA,NA,Nat,Filler,NA,4,7.15,NA
s7,English,item5,35,NA,NA,Nat,Filler,NA,1,3.14,NA
s7,English,item6,35,NA,NA,Nat,Filler,NA,1,2.36,NA
s7,English,item7,35,NA,NA,Nat,Filler,NA,5,1.86,NA
s7,English,item8,35,NA,NA,Nat,Filler,NA,5,3.99,NA
s7,English,item9,35,NA,NA,Nat,Filler,NA,3,3.58,NA
s7,English,item10,35,NA,NA,Nat,Filler,NA,4,4.68,NA
s7,English,item11,35,NA,NA,Nat,Filler,NA,5,3.77,NA
s7,English,item12,35,NA,NA,Nat,Filler,NA,6,5.73,NA
s7,English,item13,35,NA,NA,Nat,Filler,NA,3,5.47,NA
s7,English,item14,35,NA,NA,Nat,Filler,NA,3,6.05,NA
s7,English,item15,35,NA,NA,Nat,Filler,NA,2,4.66,NA
s7,English,item16,35,NA,NA,Nat,Filler,NA,6,6.14,NA
s7,English,item17,35,NA,NA,Nat,Filler,NA,5,4.12,NA
s7,English,item18,35,NA,NA,Nat,Filler,NA,2,5.84,NA
s7,English,item19,35,NA,NA,Nat,Filler,NA,2,3.98,NA
s7,English,item20,35,NA,NA,Nat,Filler,NA,6,3.09,NA
s7,English,item21,35,NA,NA,Nat,Target,NoBreak,2,1.84,Low
s7,English,item22,35,NA,NA,Nat,Target,NoBreak,5,2.7,Low
s7,English,item23,35,NA,NA,Nat,Target,NoBreak,1,2.64,High
s7,English,item24,35,NA,NA,Nat,Target,NoBreak,1,4.89,Low
s7,English,item25,35,NA,NA,Nat,Target,NoBreak,5,3.82,High
s7,English,item26,35,NA,NA,Nat,Target,NoBreak,6,2.84,Low
s7,English,item27,35,NA,NA,Nat,Target,NoBreak,5,2.38,High
s7,English,item28,35,NA,NA,Nat,Target,NoBreak,5,6.48,High
s7,English,item29,35,NA,NA,Nat,Target,NoBreak,2,3.51,High
s7,English,item30,35,NA,NA,Nat,Target,NoBreak,2,1.79,Low
s7,English,item31,35,NA,NA,Nat,Target,High,1,3.86,Low
s7,English,item32,35,NA,NA,Nat,Target,High,1,4.75,High
s7,English,item33,35,NA,NA,Nat,Target,High,1,6.01,High
s7,English,item34,35,NA,NA,Nat,Target,High,3,4.45,Low
s7,English,item35,35,NA,NA,Nat,Target,High,5,4.78,High
s7,English,item36,35,NA,NA,Nat,Target,High,1,2.82,High
s7,English,item37,35,NA,NA,Nat,Target,High,3,5.94,High
s7,English,item38,35,NA,NA,Nat,Target,High,4,4.76,Low
s7,English,item39,35,NA,NA,Nat,Target,High,1,5.84,High
s7,English,item40,35,NA,NA,Nat,Target,High,3,7.22,Low
s7,English,item41,35,NA,NA,Nat,Target,Low,5,4.04,Low
s7,English,item42,35,NA,NA,Nat,Target,Low,6,3.26,Low
s7,English,item43,35,NA,NA,Nat,Target,Low,3,2.44,Low
s7,English,item44,35,NA,NA,Nat,Target,Low,2,2.76,Low
s7,English,item45,35,NA,NA,Nat,Target,Low,5,2.18,Low
s7,English,item46,35,NA,NA,Nat,Target,Low,6,4.37,Low
s7,English,item47,35,NA,NA,Nat,Target,Low,3,2.94,Low
s7,English,item48,35,NA,NA,Nat,Target,Low,2,2.47,Low
s7,English,item49,35,NA,NA,Nat,Target,Low,6,2.61,Low
s7,English,item50,35,NA,NA,Nat,Target,Low,6,5.58,Low
s8,English,item1,38,NA,NA,Nat,Filler,NA,1,4.62,NA
s8,English,item2,38,NA,NA,Nat,Filler,NA,4,3.53,NA
s8,English,item3,38,NA,NA,Nat,Filler,NA,2,5.58,NA
s8,English,item4,38,NA,NA,Nat,Filler,NA,6,3.78,NA
s8,English,item5,38,NA,NA,Nat,Filler,NA,3,4.2,NA
s8,English,item6,38,NA,NA,Nat,Filler,NA,2,4.53,NA
s8,English,item7,38,NA,NA,Nat,Filler,NA,5,6.32,NA
s8,English,item8,38,NA,NA,Nat,Filler,NA,4,6.67,NA
s8,English,item9,38,NA,NA,Nat,Filler,NA,1,6.66,NA
s8,English,item10,38,NA,NA,Nat,Filler,NA,6,6.12,NA
s8,English,item11,38,NA,NA,Nat,Filler,NA,6,4.98,NA
s8,English,item12,38,NA,NA,Nat,Filler,NA,5,7.71,NA
s8,English,item13,38,NA,NA,Nat,Filler,NA,1,8,NA
s8,English,item14,38,NA,NA,Nat,Filler,NA,3,6.74,NA
s8,English,item15,38,NA,NA,Nat,Filler,NA,4,4.01,NA
s8,English,item16,38,NA,NA,Nat,Filler,NA,1,2.57,NA
s8,English,item17,38,NA,NA,Nat,Filler,NA,3,4.74,NA
s8,English,item18,38,NA,NA,Nat,Filler,NA,6,3.42,NA
s8,English,item19,38,NA,NA,Nat,Filler,NA,6,4.88,NA
s8,English,item20,38,NA,NA,Nat,Filler,NA,3,3.43,NA
s8,English,item21,38,NA,NA,Nat,Target,NoBreak,5,5.67,High
s8,English,item22,38,NA,NA,Nat,Target,NoBreak,4,7.9,Low
s8,English,item23,38,NA,NA,Nat,Target,NoBreak,3,5.74,High
s8,English,item24,38,NA,NA,Nat,Target,NoBreak,5,5.35,High
s8,English,item25,38,NA,NA,Nat,Target,NoBreak,2,4.11,High
s8,English,item26,38,NA,NA,Nat,Target,NoBreak,5,7.89,Low
s8,English,item27,38,NA,NA,Nat,Target,NoBreak,5,3.91,High
s8,English,item28,38,NA,NA,Nat,Target,NoBreak,4,6.47,High
s8,English,item29,38,NA,NA,Nat,Target,NoBreak,3,6.82,High
s8,English,item30,38,NA,NA,Nat,Target,NoBreak,2,4.33,Low
s8,English,item31,38,NA,NA,Nat,Target,High,1,2.55,High
s8,English,item32,38,NA,NA,Nat,Target,High,5,4.17,High
s8,English,item33,38,NA,NA,Nat,Target,High,4,5.56,High
s8,English,item34,38,NA,NA,Nat,Target,High,1,2.46,High
s8,English,item35,38,NA,NA,Nat,Target,High,5,2.48,Low
s8,English,item36,38,NA,NA,Nat,Target,High,1,6.35,High
s8,English,item37,38,NA,NA,Nat,Target,High,4,3.35,High
s8,English,item38,38,NA,NA,Nat,Target,High,2,5.16,High
s8,English,item39,38,NA,NA,Nat,Target,High,1,4.28,High
s8,English,item40,38,NA,NA,Nat,Target,High,2,3.59,Low
s8,English,item41,38,NA,NA,Nat,Target,Low,2,3.98,Low
s8,English,item42,38,NA,NA,Nat,Target,Low,6,3.97,Low
s8,English,item43,38,NA,NA,Nat,Target,Low,6,4.31,Low
s8,English,item44,38,NA,NA,Nat,Target,Low,6,4.09,Low
s8,English,item45,38,NA,NA,Nat,Target,Low,4,2.93,Low
s8,English,item46,38,NA,NA,Nat,Target,Low,4,4.33,Low
s8,English,item47,38,NA,NA,Nat,Target,Low,5,6.31,Low
s8,English,item48,38,NA,NA,Nat,Target,Low,6,5.05,Low
s8,English,item49,38,NA,NA,Nat,Target,Low,3,6.51,Low
s8,English,item50,38,NA,NA,Nat,Target,Low,6,3.39,Low
s9,English,item1,42,NA,NA,Nat,Filler,NA,1,5.67,NA
s9,English,item2,42,NA,NA,Nat,Filler,NA,6,5.53,NA
s9,English,item3,42,NA,NA,Nat,Filler,NA,1,3.23,NA
s9,English,item4,42,NA,NA,Nat,Filler,NA,4,3.1,NA
s9,English,item5,42,NA,NA,Nat,Filler,NA,5,8.04,NA
s9,English,item6,42,NA,NA,Nat,Filler,NA,6,3.08,NA
s9,English,item7,42,NA,NA,Nat,Filler,NA,2,6.35,NA
s9,English,item8,42,NA,NA,Nat,Filler,NA,2,4.11,NA
s9,English,item9,42,NA,NA,Nat,Filler,NA,4,2.58,NA
s9,English,item10,42,NA,NA,Nat,Filler,NA,4,3.62,NA
s9,English,item11,42,NA,NA,Nat,Filler,NA,5,2.38,NA
s9,English,item12,42,NA,NA,Nat,Filler,NA,6,2.85,NA
s9,English,item13,42,NA,NA,Nat,Filler,NA,3,2.97,NA
s9,English,item14,42,NA,NA,Nat,Filler,NA,4,6.39,NA
s9,English,item15,42,NA,NA,Nat,Filler,NA,4,3.53,NA
s9,English,item16,42,NA,NA,Nat,Filler,NA,4,7.8,NA
s9,English,item17,42,NA,NA,Nat,Filler,NA,4,4.28,NA
s9,English,item18,42,NA,NA,Nat,Filler,NA,3,2.87,NA
s9,English,item19,42,NA,NA,Nat,Filler,NA,4,4.08,NA
s9,English,item20,42,NA,NA,Nat,Filler,NA,6,3.52,NA
s9,English,item21,42,NA,NA,Nat,Target,NoBreak,2,3.42,Low
s9,English,item22,42,NA,NA,Nat,Target,NoBreak,5,4.34,Low
s9,English,item23,42,NA,NA,Nat,Target,NoBreak,3,4.38,High
s9,English,item24,42,NA,NA,Nat,Target,NoBreak,6,5.63,Low
s9,English,item25,42,NA,NA,Nat,Target,NoBreak,5,5.22,Low
s9,English,item26,42,NA,NA,Nat,Target,NoBreak,2,5.66,Low
s9,English,item27,42,NA,NA,Nat,Target,NoBreak,6,4.48,Low
s9,English,item28,42,NA,NA,Nat,Target,NoBreak,3,2.75,Low
s9,English,item29,42,NA,NA,Nat,Target,NoBreak,5,5.06,Low
s9,English,item30,42,NA,NA,Nat,Target,NoBreak,4,4.99,High
s9,English,item31,42,NA,NA,Nat,Target,High,3,4.23,Low
s9,English,item32,42,NA,NA,Nat,Target,High,1,4.25,Low
s9,English,item33,42,NA,NA,Nat,Target,High,4,6.98,High
s9,English,item34,42,NA,NA,Nat,Target,High,4,7.43,Low
s9,English,item35,42,NA,NA,Nat,Target,High,5,5.18,High
s9,English,item36,42,NA,NA,Nat,Target,High,1,4.25,High
s9,English,item37,42,NA,NA,Nat,Target,High,4,8.01,High
s9,English,item38,42,NA,NA,Nat,Target,High,4,2.68,High
s9,English,item39,42,NA,NA,Nat,Target,High,2,3.29,High
s9,English,item40,42,NA,NA,Nat,Target,High,1,6.53,Low
s9,English,item41,42,NA,NA,Nat,Target,Low,5,2.35,Low
s9,English,item42,42,NA,NA,Nat,Target,Low,2,5.69,Low
s9,English,item43,42,NA,NA,Nat,Target,Low,6,2.32,Low
s9,English,item44,42,NA,NA,Nat,Target,Low,4,5.04,Low
s9,English,item45,42,NA,NA,Nat,Target,Low,5,3.71,Low
s9,English,item46,42,NA,NA,Nat,Target,Low,5,5.69,Low
s9,English,item47,42,NA,NA,Nat,Target,Low,3,6.49,Low
s9,English,item48,42,NA,NA,Nat,Target,Low,5,3.86,Low
s9,English,item49,42,NA,NA,Nat,Target,Low,6,5.18,Low
s9,English,item50,42,NA,NA,Nat,Target,Low,2,2.58,Low
s10,English,item1,43,NA,NA,Nat,Filler,NA,5,4.16,NA
s10,English,item2,43,NA,NA,Nat,Filler,NA,6,2.4,NA
s10,English,item3,43,NA,NA,Nat,Filler,NA,5,5.03,NA
s10,English,item4,43,NA,NA,Nat,Filler,NA,1,4.62,NA
s10,English,item5,43,NA,NA,Nat,Filler,NA,3,4.21,NA
s10,English,item6,43,NA,NA,Nat,Filler,NA,3,4.3,NA
s10,English,item7,43,NA,NA,Nat,Filler,NA,2,6.42,NA
s10,English,item8,43,NA,NA,Nat,Filler,NA,4,4.36,NA
s10,English,item9,43,NA,NA,Nat,Filler,NA,4,8.1,NA
s10,English,item10,43,NA,NA,Nat,Filler,NA,3,2.97,NA
s10,English,item11,43,NA,NA,Nat,Filler,NA,6,5.32,NA
s10,English,item12,43,NA,NA,Nat,Filler,NA,4,8.58,NA
s10,English,item13,43,NA,NA,Nat,Filler,NA,1,2.54,NA
s10,English,item14,43,NA,NA,Nat,Filler,NA,6,3.17,NA
s10,English,item15,43,NA,NA,Nat,Filler,NA,4,3.91,NA
s10,English,item16,43,NA,NA,Nat,Filler,NA,6,4.82,NA
s10,English,item17,43,NA,NA,Nat,Filler,NA,1,4.21,NA
s10,English,item18,43,NA,NA,Nat,Filler,NA,3,3.79,NA
s10,English,item19,43,NA,NA,Nat,Filler,NA,3,8.23,NA
s10,English,item20,43,NA,NA,Nat,Filler,NA,6,4.88,NA
s10,English,item21,43,NA,NA,Nat,Target,NoBreak,5,6.31,Low
s10,English,item22,43,NA,NA,Nat,Target,NoBreak,5,2.47,Low
s10,English,item23,43,NA,NA,Nat,Target,NoBreak,1,6.38,Low
s10,English,item24,43,NA,NA,Nat,Target,NoBreak,1,6.72,Low
s10,English,item25,43,NA,NA,Nat,Target,NoBreak,6,3.38,Low
s10,English,item26,43,NA,NA,Nat,Target,NoBreak,2,3.86,Low
s10,English,item27,43,NA,NA,Nat,Target,NoBreak,3,7.38,Low
s10,English,item28,43,NA,NA,Nat,Target,NoBreak,4,4.35,Low
s10,English,item29,43,NA,NA,Nat,Target,NoBreak,6,6.21,Low
s10,English,item30,43,NA,NA,Nat,Target,NoBreak,1,5.37,High
s10,English,item31,43,NA,NA,Nat,Target,High,2,4.73,High
s10,English,item32,43,NA,NA,Nat,Target,High,2,4.48,High
s10,English,item33,43,NA,NA,Nat,Target,High,1,2.38,Low
s10,English,item34,43,NA,NA,Nat,Target,High,4,2.9,High
s10,English,item35,43,NA,NA,Nat,Target,High,1,4.98,High
s10,English,item36,43,NA,NA,Nat,Target,High,1,5.52,High
s10,English,item37,43,NA,NA,Nat,Target,High,1,4.09,High
s10,English,item38,43,NA,NA,Nat,Target,High,1,6.2,High
s10,English,item39,43,NA,NA,Nat,Target,High,2,5.9,High
s10,English,item40,43,NA,NA,Nat,Target,High,5,4.39,High
s10,English,item41,43,NA,NA,Nat,Target,Low,4,4.18,Low
s10,English,item42,43,NA,NA,Nat,Target,Low,4,6.5,Low
s10,English,item43,43,NA,NA,Nat,Target,Low,6,4.68,High
s10,English,item44,43,NA,NA,Nat,Target,Low,4,5.58,Low
s10,English,item45,43,NA,NA,Nat,Target,Low,3,5,Low
s10,English,item46,43,NA,NA,Nat,Target,Low,6,7.3,Low
s10,English,item47,43,NA,NA,Nat,Target,Low,6,4.28,Low
s10,English,item48,43,NA,NA,Nat,Target,Low,2,2.25,Low
s10,English,item49,43,NA,NA,Nat,Target,Low,6,3.24,Low
s10,English,item50,43,NA,NA,Nat,Target,Low,5,4.53,High
s11,Spanish,item1,25,13,17,Int,Filler,NA,4,7.1,NA
s11,Spanish,item2,25,13,17,Int,Filler,NA,6,7.25,NA
s11,Spanish,item3,25,13,17,Int,Filler,NA,1,8.5,NA
s11,Spanish,item4,25,13,17,Int,Filler,NA,2,6.34,NA
s11,Spanish,item5,25,13,17,Int,Filler,NA,1,4.62,NA
s11,Spanish,item6,25,13,17,Int,Filler,NA,1,10.53,NA
s11,Spanish,item7,25,13,17,Int,Filler,NA,5,8.15,NA
s11,Spanish,item8,25,13,17,Int,Filler,NA,3,9.08,NA
s11,Spanish,item9,25,13,17,Int,Filler,NA,2,7.03,NA
s11,Spanish,item10,25,13,17,Int,Filler,NA,5,7.64,NA
s11,Spanish,item11,25,13,17,Int,Filler,NA,2,4.27,NA
s11,Spanish,item12,25,13,17,Int,Filler,NA,5,8.04,NA
s11,Spanish,item13,25,13,17,Int,Filler,NA,5,8.2,NA
s11,Spanish,item14,25,13,17,Int,Filler,NA,6,6.14,NA
s11,Spanish,item15,25,13,17,Int,Filler,NA,1,6.71,NA
s11,Spanish,item16,25,13,17,Int,Filler,NA,5,9.52,NA
s11,Spanish,item17,25,13,17,Int,Filler,NA,6,8.2,NA
s11,Spanish,item18,25,13,17,Int,Filler,NA,4,7.12,NA
s11,Spanish,item19,25,13,17,Int,Filler,NA,5,8.05,NA
s11,Spanish,item20,25,13,17,Int,Filler,NA,5,5.48,NA
s11,Spanish,item21,25,13,17,Int,Target,NoBreak,1,9.56,High
s11,Spanish,item22,25,13,17,Int,Target,NoBreak,1,4.94,High
s11,Spanish,item23,25,13,17,Int,Target,NoBreak,6,6.29,High
s11,Spanish,item24,25,13,17,Int,Target,NoBreak,1,8.82,High
s11,Spanish,item25,25,13,17,Int,Target,NoBreak,2,9.53,High
s11,Spanish,item26,25,13,17,Int,Target,NoBreak,3,5.2,Low
s11,Spanish,item27,25,13,17,Int,Target,NoBreak,1,8.7,High
s11,Spanish,item28,25,13,17,Int,Target,NoBreak,4,8.31,Low
s11,Spanish,item29,25,13,17,Int,Target,NoBreak,5,7.75,High
s11,Spanish,item30,25,13,17,Int,Target,NoBreak,4,6.86,High
s11,Spanish,item31,25,13,17,Int,Target,High,2,6.22,High
s11,Spanish,item32,25,13,17,Int,Target,High,6,7.73,High
s11,Spanish,item33,25,13,17,Int,Target,High,4,9.31,High
s11,Spanish,item34,25,13,17,Int,Target,High,2,5.27,High
s11,Spanish,item35,25,13,17,Int,Target,High,2,5.92,High
s11,Spanish,item36,25,13,17,Int,Target,High,6,9.96,High
s11,Spanish,item37,25,13,17,Int,Target,High,6,5.69,High
s11,Spanish,item38,25,13,17,Int,Target,High,3,3.56,High
s11,Spanish,item39,25,13,17,Int,Target,High,5,7.53,Low
s11,Spanish,item40,25,13,17,Int,Target,High,5,8.02,High
s11,Spanish,item41,25,13,17,Int,Target,Low,4,8.27,Low
s11,Spanish,item42,25,13,17,Int,Target,Low,5,6.94,High
s11,Spanish,item43,25,13,17,Int,Target,Low,3,8.76,High
s11,Spanish,item44,25,13,17,Int,Target,Low,1,7.98,Low
s11,Spanish,item45,25,13,17,Int,Target,Low,3,9.63,Low
s11,Spanish,item46,25,13,17,Int,Target,Low,1,8.7,Low
s11,Spanish,item47,25,13,17,Int,Target,Low,2,9.29,Low
s11,Spanish,item48,25,13,17,Int,Target,Low,3,8.74,Low
s11,Spanish,item49,25,13,17,Int,Target,Low,1,8.86,High
s11,Spanish,item50,25,13,17,Int,Target,Low,1,9.39,Low
s12,Spanish,item1,45,11,44,Adv,Filler,NA,2,5.15,NA
s12,Spanish,item2,45,11,44,Adv,Filler,NA,6,10.48,NA
s12,Spanish,item3,45,11,44,Adv,Filler,NA,2,6.94,NA
s12,Spanish,item4,45,11,44,Adv,Filler,NA,5,10.19,NA
s12,Spanish,item5,45,11,44,Adv,Filler,NA,4,12,NA
s12,Spanish,item6,45,11,44,Adv,Filler,NA,3,8.65,NA
s12,Spanish,item7,45,11,44,Adv,Filler,NA,4,7.96,NA
s12,Spanish,item8,45,11,44,Adv,Filler,NA,6,9.34,NA
s12,Spanish,item9,45,11,44,Adv,Filler,NA,5,12.51,NA
s12,Spanish,item10,45,11,44,Adv,Filler,NA,4,9.69,NA
s12,Spanish,item11,45,11,44,Adv,Filler,NA,5,9.78,NA
s12,Spanish,item12,45,11,44,Adv,Filler,NA,3,8.46,NA
s12,Spanish,item13,45,11,44,Adv,Filler,NA,2,8.5,NA
s12,Spanish,item14,45,11,44,Adv,Filler,NA,5,9.23,NA
s12,Spanish,item15,45,11,44,Adv,Filler,NA,1,6.48,NA
s12,Spanish,item16,45,11,44,Adv,Filler,NA,2,11.84,NA
s12,Spanish,item17,45,11,44,Adv,Filler,NA,4,8.86,NA
s12,Spanish,item18,45,11,44,Adv,Filler,NA,5,5.7,NA
s12,Spanish,item19,45,11,44,Adv,Filler,NA,6,9.47,NA
s12,Spanish,item20,45,11,44,Adv,Filler,NA,6,9.04,NA
s12,Spanish,item21,45,11,44,Adv,Target,NoBreak,6,6.48,Low
s12,Spanish,item22,45,11,44,Adv,Target,NoBreak,4,13.77,High
s12,Spanish,item23,45,11,44,Adv,Target,NoBreak,2,7.76,High
s12,Spanish,item24,45,11,44,Adv,Target,NoBreak,2,7.31,Low
s12,Spanish,item25,45,11,44,Adv,Target,NoBreak,1,10.74,High
s12,Spanish,item26,45,11,44,Adv,Target,NoBreak,3,11.84,High
s12,Spanish,item27,45,11,44,Adv,Target,NoBreak,1,9.51,High
s12,Spanish,item28,45,11,44,Adv,Target,NoBreak,3,10.31,High
s12,Spanish,item29,45,11,44,Adv,Target,NoBreak,5,7.79,High
s12,Spanish,item30,45,11,44,Adv,Target,NoBreak,2,11.7,Low
s12,Spanish,item31,45,11,44,Adv,Target,High,5,10.09,Low
s12,Spanish,item32,45,11,44,Adv,Target,High,6,9.69,High
s12,Spanish,item33,45,11,44,Adv,Target,High,2,10.92,High
s12,Spanish,item34,45,11,44,Adv,Target,High,5,11.4,High
s12,Spanish,item35,45,11,44,Adv,Target,High,2,8.11,High
s12,Spanish,item36,45,11,44,Adv,Target,High,2,10.41,High
s12,Spanish,item37,45,11,44,Adv,Target,High,5,7.62,High
s12,Spanish,item38,45,11,44,Adv,Target,High,5,13.74,High
s12,Spanish,item39,45,11,44,Adv,Target,High,6,10.37,High
s12,Spanish,item40,45,11,44,Adv,Target,High,6,9.43,High
s12,Spanish,item41,45,11,44,Adv,Target,Low,2,9.52,Low
s12,Spanish,item42,45,11,44,Adv,Target,Low,1,10.03,Low
s12,Spanish,item43,45,11,44,Adv,Target,Low,1,8.36,High
s12,Spanish,item44,45,11,44,Adv,Target,Low,2,10.57,Low
s12,Spanish,item45,45,11,44,Adv,Target,Low,1,11.56,High
s12,Spanish,item46,45,11,44,Adv,Target,Low,1,9.47,Low
s12,Spanish,item47,45,11,44,Adv,Target,Low,3,8.91,High
s12,Spanish,item48,45,11,44,Adv,Target,Low,3,7.35,Low
s12,Spanish,item49,45,11,44,Adv,Target,Low,1,11.53,High
s12,Spanish,item50,45,11,44,Adv,Target,Low,5,11.08,Low
s13,Spanish,item1,45,10,29,Int,Filler,NA,6,9.1,NA
s13,Spanish,item2,45,10,29,Int,Filler,NA,4,8.45,NA
s13,Spanish,item3,45,10,29,Int,Filler,NA,5,9.99,NA
s13,Spanish,item4,45,10,29,Int,Filler,NA,4,6.89,NA
s13,Spanish,item5,45,10,29,Int,Filler,NA,4,6.7,NA
s13,Spanish,item6,45,10,29,Int,Filler,NA,6,6.75,NA
s13,Spanish,item7,45,10,29,Int,Filler,NA,6,8.81,NA
s13,Spanish,item8,45,10,29,Int,Filler,NA,6,11,NA
s13,Spanish,item9,45,10,29,Int,Filler,NA,3,10.86,NA
s13,Spanish,item10,45,10,29,Int,Filler,NA,1,8.43,NA
s13,Spanish,item11,45,10,29,Int,Filler,NA,4,12.19,NA
s13,Spanish,item12,45,10,29,Int,Filler,NA,4,7.32,NA
s13,Spanish,item13,45,10,29,Int,Filler,NA,4,8.56,NA
s13,Spanish,item14,45,10,29,Int,Filler,NA,1,8.11,NA
s13,Spanish,item15,45,10,29,Int,Filler,NA,2,9.8,NA
s13,Spanish,item16,45,10,29,Int,Filler,NA,1,6.17,NA
s13,Spanish,item17,45,10,29,Int,Filler,NA,6,11.75,NA
s13,Spanish,item18,45,10,29,Int,Filler,NA,5,11.79,NA
s13,Spanish,item19,45,10,29,Int,Filler,NA,4,11.36,NA
s13,Spanish,item20,45,10,29,Int,Filler,NA,6,9.34,NA
s13,Spanish,item21,45,10,29,Int,Target,NoBreak,1,12.08,High
s13,Spanish,item22,45,10,29,Int,Target,NoBreak,2,10.8,High
s13,Spanish,item23,45,10,29,Int,Target,NoBreak,1,11.7,Low
s13,Spanish,item24,45,10,29,Int,Target,NoBreak,1,10.22,High
s13,Spanish,item25,45,10,29,Int,Target,NoBreak,1,10.44,High
s13,Spanish,item26,45,10,29,Int,Target,NoBreak,3,5.86,Low
s13,Spanish,item27,45,10,29,Int,Target,NoBreak,6,8.86,High
s13,Spanish,item28,45,10,29,Int,Target,NoBreak,1,11.81,Low
s13,Spanish,item29,45,10,29,Int,Target,NoBreak,3,10.07,High
s13,Spanish,item30,45,10,29,Int,Target,NoBreak,2,7.56,High
s13,Spanish,item31,45,10,29,Int,Target,High,6,7.68,High
s13,Spanish,item32,45,10,29,Int,Target,High,5,8.44,High
s13,Spanish,item33,45,10,29,Int,Target,High,6,13.53,Low
s13,Spanish,item34,45,10,29,Int,Target,High,3,9.16,High
s13,Spanish,item35,45,10,29,Int,Target,High,4,8.28,High
s13,Spanish,item36,45,10,29,Int,Target,High,5,5.52,High
s13,Spanish,item37,45,10,29,Int,Target,High,2,5.89,High
s13,Spanish,item38,45,10,29,Int,Target,High,3,11.82,Low
s13,Spanish,item39,45,10,29,Int,Target,High,4,7.88,High
s13,Spanish,item40,45,10,29,Int,Target,High,6,12.58,High
s13,Spanish,item41,45,10,29,Int,Target,Low,4,9.82,High
s13,Spanish,item42,45,10,29,Int,Target,Low,4,6.03,High
s13,Spanish,item43,45,10,29,Int,Target,Low,1,14.62,Low
s13,Spanish,item44,45,10,29,Int,Target,Low,1,8.39,Low
s13,Spanish,item45,45,10,29,Int,Target,Low,1,9.49,High
s13,Spanish,item46,45,10,29,Int,Target,Low,3,10.63,High
s13,Spanish,item47,45,10,29,Int,Target,Low,1,10.22,Low
s13,Spanish,item48,45,10,29,Int,Target,Low,1,7.56,Low
s13,Spanish,item49,45,10,29,Int,Target,Low,1,7.58,High
s13,Spanish,item50,45,10,29,Int,Target,Low,5,13.1,Low
s14,Spanish,item1,34,13,29,Adv,Filler,NA,5,7.21,NA
s14,Spanish,item2,34,13,29,Adv,Filler,NA,4,9.79,NA
s14,Spanish,item3,34,13,29,Adv,Filler,NA,6,11.27,NA
s14,Spanish,item4,34,13,29,Adv,Filler,NA,2,7.09,NA
s14,Spanish,item5,34,13,29,Adv,Filler,NA,5,7.21,NA
s14,Spanish,item6,34,13,29,Adv,Filler,NA,1,5.05,NA
s14,Spanish,item7,34,13,29,Adv,Filler,NA,6,11.59,NA
s14,Spanish,item8,34,13,29,Adv,Filler,NA,2,7.13,NA
s14,Spanish,item9,34,13,29,Adv,Filler,NA,6,7.77,NA
s14,Spanish,item10,34,13,29,Adv,Filler,NA,5,6.11,NA
s14,Spanish,item11,34,13,29,Adv,Filler,NA,1,9.65,NA
s14,Spanish,item12,34,13,29,Adv,Filler,NA,6,11.11,NA
s14,Spanish,item13,34,13,29,Adv,Filler,NA,6,8.78,NA
s14,Spanish,item14,34,13,29,Adv,Filler,NA,5,7.73,NA
s14,Spanish,item15,34,13,29,Adv,Filler,NA,3,5.6,NA
s14,Spanish,item16,34,13,29,Adv,Filler,NA,5,10.9,NA
s14,Spanish,item17,34,13,29,Adv,Filler,NA,6,9.56,NA
s14,Spanish,item18,34,13,29,Adv,Filler,NA,3,8.33,NA
s14,Spanish,item19,34,13,29,Adv,Filler,NA,5,10.42,NA
s14,Spanish,item20,34,13,29,Adv,Filler,NA,3,10.58,NA
s14,Spanish,item21,34,13,29,Adv,Target,NoBreak,3,7.96,High
s14,Spanish,item22,34,13,29,Adv,Target,NoBreak,4,6.68,High
s14,Spanish,item23,34,13,29,Adv,Target,NoBreak,5,10.35,Low
s14,Spanish,item24,34,13,29,Adv,Target,NoBreak,5,9.9,High
s14,Spanish,item25,34,13,29,Adv,Target,NoBreak,5,7.89,High
s14,Spanish,item26,34,13,29,Adv,Target,NoBreak,5,14.03,High
s14,Spanish,item27,34,13,29,Adv,Target,NoBreak,3,4.45,High
s14,Spanish,item28,34,13,29,Adv,Target,NoBreak,1,8.72,High
s14,Spanish,item29,34,13,29,Adv,Target,NoBreak,6,10.65,High
s14,Spanish,item30,34,13,29,Adv,Target,NoBreak,3,11.23,High
s14,Spanish,item31,34,13,29,Adv,Target,High,4,10.04,High
s14,Spanish,item32,34,13,29,Adv,Target,High,5,8.65,High
s14,Spanish,item33,34,13,29,Adv,Target,High,5,9.73,Low
s14,Spanish,item34,34,13,29,Adv,Target,High,4,9.34,Low
s14,Spanish,item35,34,13,29,Adv,Target,High,6,8.35,Low
s14,Spanish,item36,34,13,29,Adv,Target,High,4,6.93,High
s14,Spanish,item37,34,13,29,Adv,Target,High,6,10.44,High
s14,Spanish,item38,34,13,29,Adv,Target,High,3,7.81,High
s14,Spanish,item39,34,13,29,Adv,Target,High,6,7.91,High
s14,Spanish,item40,34,13,29,Adv,Target,High,5,8.83,Low
s14,Spanish,item41,34,13,29,Adv,Target,Low,5,9.26,High
s14,Spanish,item42,34,13,29,Adv,Target,Low,1,5.92,Low
s14,Spanish,item43,34,13,29,Adv,Target,Low,5,8.52,High
s14,Spanish,item44,34,13,29,Adv,Target,Low,1,10.27,High
s14,Spanish,item45,34,13,29,Adv,Target,Low,1,11.31,High
s14,Spanish,item46,34,13,29,Adv,Target,Low,1,7.11,Low
s14,Spanish,item47,34,13,29,Adv,Target,Low,2,8.15,Low
s14,Spanish,item48,34,13,29,Adv,Target,Low,1,5.14,Low
s14,Spanish,item49,34,13,29,Adv,Target,Low,4,10.91,High
s14,Spanish,item50,34,13,29,Adv,Target,Low,5,9.25,High
s15,Spanish,item1,46,12,27,Int,Filler,NA,2,11.12,NA
s15,Spanish,item2,46,12,27,Int,Filler,NA,5,8.52,NA
s15,Spanish,item3,46,12,27,Int,Filler,NA,2,10.01,NA
s15,Spanish,item4,46,12,27,Int,Filler,NA,5,11.48,NA
s15,Spanish,item5,46,12,27,Int,Filler,NA,5,9.15,NA
s15,Spanish,item6,46,12,27,Int,Filler,NA,6,11.23,NA
s15,Spanish,item7,46,12,27,Int,Filler,NA,1,10.86,NA
s15,Spanish,item8,46,12,27,Int,Filler,NA,1,6.55,NA
s15,Spanish,item9,46,12,27,Int,Filler,NA,6,10.19,NA
s15,Spanish,item10,46,12,27,Int,Filler,NA,5,4.83,NA
s15,Spanish,item11,46,12,27,Int,Filler,NA,6,9.07,NA
s15,Spanish,item12,46,12,27,Int,Filler,NA,2,8.54,NA
s15,Spanish,item13,46,12,27,Int,Filler,NA,6,11.28,NA
s15,Spanish,item14,46,12,27,Int,Filler,NA,4,10.16,NA
s15,Spanish,item15,46,12,27,Int,Filler,NA,1,8.45,NA
s15,Spanish,item16,46,12,27,Int,Filler,NA,1,9.3,NA
s15,Spanish,item17,46,12,27,Int,Filler,NA,6,9.95,NA
s15,Spanish,item18,46,12,27,Int,Filler,NA,1,7.65,NA
s15,Spanish,item19,46,12,27,Int,Filler,NA,5,8.29,NA
s15,Spanish,item20,46,12,27,Int,Filler,NA,2,7.21,NA
s15,Spanish,item21,46,12,27,Int,Target,NoBreak,5,7.04,High
s15,Spanish,item22,46,12,27,Int,Target,NoBreak,3,8.98,High
s15,Spanish,item23,46,12,27,Int,Target,NoBreak,4,9.95,High
s15,Spanish,item24,46,12,27,Int,Target,NoBreak,3,6.97,High
s15,Spanish,item25,46,12,27,Int,Target,NoBreak,3,10.88,High
s15,Spanish,item26,46,12,27,Int,Target,NoBreak,5,8.7,High
s15,Spanish,item27,46,12,27,Int,Target,NoBreak,6,10.58,High
s15,Spanish,item28,46,12,27,Int,Target,NoBreak,2,10.26,Low
s15,Spanish,item29,46,12,27,Int,Target,NoBreak,4,9.27,Low
s15,Spanish,item30,46,12,27,Int,Target,NoBreak,5,6.25,Low
s15,Spanish,item31,46,12,27,Int,Target,High,4,6.53,Low
s15,Spanish,item32,46,12,27,Int,Target,High,3,4.72,High
s15,Spanish,item33,46,12,27,Int,Target,High,2,12.22,High
s15,Spanish,item34,46,12,27,Int,Target,High,6,8.91,High
s15,Spanish,item35,46,12,27,Int,Target,High,6,13.32,High
s15,Spanish,item36,46,12,27,Int,Target,High,6,6.8,High
s15,Spanish,item37,46,12,27,Int,Target,High,5,12.45,High
s15,Spanish,item38,46,12,27,Int,Target,High,4,11.67,High
s15,Spanish,item39,46,12,27,Int,Target,High,2,8.15,High
s15,Spanish,item40,46,12,27,Int,Target,High,3,10.97,Low
s15,Spanish,item41,46,12,27,Int,Target,Low,3,11.68,High
s15,Spanish,item42,46,12,27,Int,Target,Low,1,10.28,High
s15,Spanish,item43,46,12,27,Int,Target,Low,1,13.45,High
s15,Spanish,item44,46,12,27,Int,Target,Low,1,10.02,Low
s15,Spanish,item45,46,12,27,Int,Target,Low,3,14.45,High
s15,Spanish,item46,46,12,27,Int,Target,Low,3,8.26,High
s15,Spanish,item47,46,12,27,Int,Target,Low,5,13.08,High
s15,Spanish,item48,46,12,27,Int,Target,Low,5,9.55,Low
s15,Spanish,item49,46,12,27,Int,Target,Low,1,11.24,High
s15,Spanish,item50,46,12,27,Int,Target,Low,1,10.42,High
s16,Spanish,item1,38,13,50,Adv,Filler,NA,3,8.57,NA
s16,Spanish,item2,38,13,50,Adv,Filler,NA,5,8.64,NA
s16,Spanish,item3,38,13,50,Adv,Filler,NA,1,10.42,NA
s16,Spanish,item4,38,13,50,Adv,Filler,NA,1,8.86,NA
s16,Spanish,item5,38,13,50,Adv,Filler,NA,6,11.19,NA
s16,Spanish,item6,38,13,50,Adv,Filler,NA,4,9,NA
s16,Spanish,item7,38,13,50,Adv,Filler,NA,6,9.11,NA
s16,Spanish,item8,38,13,50,Adv,Filler,NA,1,8.71,NA
s16,Spanish,item9,38,13,50,Adv,Filler,NA,5,8.05,NA
s16,Spanish,item10,38,13,50,Adv,Filler,NA,4,9.17,NA
s16,Spanish,item11,38,13,50,Adv,Filler,NA,3,10.55,NA
s16,Spanish,item12,38,13,50,Adv,Filler,NA,2,10.23,NA
s16,Spanish,item13,38,13,50,Adv,Filler,NA,6,10.55,NA
s16,Spanish,item14,38,13,50,Adv,Filler,NA,2,11.85,NA
s16,Spanish,item15,38,13,50,Adv,Filler,NA,6,9.43,NA
s16,Spanish,item16,38,13,50,Adv,Filler,NA,1,9.07,NA
s16,Spanish,item17,38,13,50,Adv,Filler,NA,2,11.53,NA
s16,Spanish,item18,38,13,50,Adv,Filler,NA,6,8.69,NA
s16,Spanish,item19,38,13,50,Adv,Filler,NA,5,7.03,NA
s16,Spanish,item20,38,13,50,Adv,Filler,NA,4,7.23,NA
s16,Spanish,item21,38,13,50,Adv,Target,NoBreak,4,8,Low
s16,Spanish,item22,38,13,50,Adv,Target,NoBreak,2,6.63,High
s16,Spanish,item23,38,13,50,Adv,Target,NoBreak,2,11.65,High
s16,Spanish,item24,38,13,50,Adv,Target,NoBreak,4,8.11,High
s16,Spanish,item25,38,13,50,Adv,Target,NoBreak,4,11.12,High
s16,Spanish,item26,38,13,50,Adv,Target,NoBreak,1,13.35,High
s16,Spanish,item27,38,13,50,Adv,Target,NoBreak,3,8.44,High
s16,Spanish,item28,38,13,50,Adv,Target,NoBreak,3,9.8,Low
s16,Spanish,item29,38,13,50,Adv,Target,NoBreak,1,8.14,High
s16,Spanish,item30,38,13,50,Adv,Target,NoBreak,4,14.29,High
s16,Spanish,item31,38,13,50,Adv,Target,High,2,6.9,High
s16,Spanish,item32,38,13,50,Adv,Target,High,4,10.87,High
s16,Spanish,item33,38,13,50,Adv,Target,High,6,10.33,High
s16,Spanish,item34,38,13,50,Adv,Target,High,6,10.44,High
s16,Spanish,item35,38,13,50,Adv,Target,High,4,10.6,High
s16,Spanish,item36,38,13,50,Adv,Target,High,6,9.88,Low
s16,Spanish,item37,38,13,50,Adv,Target,High,6,9.87,High
s16,Spanish,item38,38,13,50,Adv,Target,High,2,7.23,High
s16,Spanish,item39,38,13,50,Adv,Target,High,3,9.6,High
s16,Spanish,item40,38,13,50,Adv,Target,High,4,8.14,High
s16,Spanish,item41,38,13,50,Adv,Target,Low,1,14.68,Low
s16,Spanish,item42,38,13,50,Adv,Target,Low,2,10.97,High
s16,Spanish,item43,38,13,50,Adv,Target,Low,1,11.16,High
s16,Spanish,item44,38,13,50,Adv,Target,Low,4,5.77,Low
s16,Spanish,item45,38,13,50,Adv,Target,Low,2,7.34,Low
s16,Spanish,item46,38,13,50,Adv,Target,Low,5,7.96,Low
s16,Spanish,item47,38,13,50,Adv,Target,Low,2,8.65,High
s16,Spanish,item48,38,13,50,Adv,Target,Low,1,8.68,Low
s16,Spanish,item49,38,13,50,Adv,Target,Low,1,10.81,Low
s16,Spanish,item50,38,13,50,Adv,Target,Low,2,9.26,High
s17,Spanish,item1,34,11,24,Int,Filler,NA,3,7.9,NA
s17,Spanish,item2,34,11,24,Int,Filler,NA,3,10.4,NA
s17,Spanish,item3,34,11,24,Int,Filler,NA,6,4.86,NA
s17,Spanish,item4,34,11,24,Int,Filler,NA,6,8.28,NA
s17,Spanish,item5,34,11,24,Int,Filler,NA,6,9.85,NA
s17,Spanish,item6,34,11,24,Int,Filler,NA,4,10.21,NA
s17,Spanish,item7,34,11,24,Int,Filler,NA,4,8.05,NA
s17,Spanish,item8,34,11,24,Int,Filler,NA,5,7.67,NA
s17,Spanish,item9,34,11,24,Int,Filler,NA,4,8.09,NA
s17,Spanish,item10,34,11,24,Int,Filler,NA,5,7.68,NA
s17,Spanish,item11,34,11,24,Int,Filler,NA,2,7.69,NA
s17,Spanish,item12,34,11,24,Int,Filler,NA,2,6.13,NA
s17,Spanish,item13,34,11,24,Int,Filler,NA,3,8.07,NA
s17,Spanish,item14,34,11,24,Int,Filler,NA,2,8.79,NA
s17,Spanish,item15,34,11,24,Int,Filler,NA,1,7.46,NA
s17,Spanish,item16,34,11,24,Int,Filler,NA,3,6.53,NA
s17,Spanish,item17,34,11,24,Int,Filler,NA,4,5.66,NA
s17,Spanish,item18,34,11,24,Int,Filler,NA,2,7.75,NA
s17,Spanish,item19,34,11,24,Int,Filler,NA,4,11.29,NA
s17,Spanish,item20,34,11,24,Int,Filler,NA,4,7.46,NA
s17,Spanish,item21,34,11,24,Int,Target,NoBreak,1,7.67,Low
s17,Spanish,item22,34,11,24,Int,Target,NoBreak,6,13.41,High
s17,Spanish,item23,34,11,24,Int,Target,NoBreak,5,5.45,Low
s17,Spanish,item24,34,11,24,Int,Target,NoBreak,6,8.98,Low
s17,Spanish,item25,34,11,24,Int,Target,NoBreak,3,9.85,High
s17,Spanish,item26,34,11,24,Int,Target,NoBreak,3,7.93,High
s17,Spanish,item27,34,11,24,Int,Target,NoBreak,5,10.72,High
s17,Spanish,item28,34,11,24,Int,Target,NoBreak,2,10.09,High
s17,Spanish,item29,34,11,24,Int,Target,NoBreak,4,8.83,Low
s17,Spanish,item30,34,11,24,Int,Target,NoBreak,3,6.77,High
s17,Spanish,item31,34,11,24,Int,Target,High,6,8.94,High
s17,Spanish,item32,34,11,24,Int,Target,High,5,7.86,Low
s17,Spanish,item33,34,11,24,Int,Target,High,4,6.91,High
s17,Spanish,item34,34,11,24,Int,Target,High,5,8.65,High
s17,Spanish,item35,34,11,24,Int,Target,High,6,9.37,High
s17,Spanish,item36,34,11,24,Int,Target,High,6,8.27,High
s17,Spanish,item37,34,11,24,Int,Target,High,5,9.83,High
s17,Spanish,item38,34,11,24,Int,Target,High,4,4.18,High
s17,Spanish,item39,34,11,24,Int,Target,High,6,9.64,High
s17,Spanish,item40,34,11,24,Int,Target,High,6,7.44,High
s17,Spanish,item41,34,11,24,Int,Target,Low,2,9.72,High
s17,Spanish,item42,34,11,24,Int,Target,Low,5,11.17,Low
s17,Spanish,item43,34,11,24,Int,Target,Low,1,9.47,Low
s17,Spanish,item44,34,11,24,Int,Target,Low,5,9.39,Low
s17,Spanish,item45,34,11,24,Int,Target,Low,2,4.82,High
s17,Spanish,item46,34,11,24,Int,Target,Low,4,7.2,Low
s17,Spanish,item47,34,11,24,Int,Target,Low,3,10.5,High
s17,Spanish,item48,34,11,24,Int,Target,Low,3,6.86,Low
s17,Spanish,item49,34,11,24,Int,Target,Low,5,9.05,Low
s17,Spanish,item50,34,11,24,Int,Target,Low,5,9.75,High
s18,Spanish,item1,31,12,43,Adv,Filler,NA,3,7.53,NA
s18,Spanish,item2,31,12,43,Adv,Filler,NA,2,6.72,NA
s18,Spanish,item3,31,12,43,Adv,Filler,NA,5,5.73,NA
s18,Spanish,item4,31,12,43,Adv,Filler,NA,5,8.53,NA
s18,Spanish,item5,31,12,43,Adv,Filler,NA,1,5.01,NA
s18,Spanish,item6,31,12,43,Adv,Filler,NA,4,6.6,NA
s18,Spanish,item7,31,12,43,Adv,Filler,NA,1,7.92,NA
s18,Spanish,item8,31,12,43,Adv,Filler,NA,6,6.54,NA
s18,Spanish,item9,31,12,43,Adv,Filler,NA,2,7.84,NA
s18,Spanish,item10,31,12,43,Adv,Filler,NA,4,9.49,NA
s18,Spanish,item11,31,12,43,Adv,Filler,NA,3,8.13,NA
s18,Spanish,item12,31,12,43,Adv,Filler,NA,6,8.32,NA
s18,Spanish,item13,31,12,43,Adv,Filler,NA,2,10.69,NA
s18,Spanish,item14,31,12,43,Adv,Filler,NA,5,7.92,NA
s18,Spanish,item15,31,12,43,Adv,Filler,NA,1,8.56,NA
s18,Spanish,item16,31,12,43,Adv,Filler,NA,1,4.89,NA
s18,Spanish,item17,31,12,43,Adv,Filler,NA,5,8.15,NA
s18,Spanish,item18,31,12,43,Adv,Filler,NA,3,6.87,NA
s18,Spanish,item19,31,12,43,Adv,Filler,NA,3,6.12,NA
s18,Spanish,item20,31,12,43,Adv,Filler,NA,2,9.72,NA
s18,Spanish,item21,31,12,43,Adv,Target,NoBreak,4,8.39,Low
s18,Spanish,item22,31,12,43,Adv,Target,NoBreak,1,9.96,High
s18,Spanish,item23,31,12,43,Adv,Target,NoBreak,5,6.95,High
s18,Spanish,item24,31,12,43,Adv,Target,NoBreak,2,4.53,Low
s18,Spanish,item25,31,12,43,Adv,Target,NoBreak,5,8.69,Low
s18,Spanish,item26,31,12,43,Adv,Target,NoBreak,5,9.95,High
s18,Spanish,item27,31,12,43,Adv,Target,NoBreak,4,12.55,High
s18,Spanish,item28,31,12,43,Adv,Target,NoBreak,4,9.86,High
s18,Spanish,item29,31,12,43,Adv,Target,NoBreak,1,10.14,High
s18,Spanish,item30,31,12,43,Adv,Target,NoBreak,3,7.43,High
s18,Spanish,item31,31,12,43,Adv,Target,High,5,8.67,Low
s18,Spanish,item32,31,12,43,Adv,Target,High,3,7.33,High
s18,Spanish,item33,31,12,43,Adv,Target,High,3,8.78,High
s18,Spanish,item34,31,12,43,Adv,Target,High,6,6.18,High
s18,Spanish,item35,31,12,43,Adv,Target,High,2,7.48,High
s18,Spanish,item36,31,12,43,Adv,Target,High,6,5.74,Low
s18,Spanish,item37,31,12,43,Adv,Target,High,6,8.17,Low
s18,Spanish,item38,31,12,43,Adv,Target,High,6,8.83,High
s18,Spanish,item39,31,12,43,Adv,Target,High,4,8.19,Low
s18,Spanish,item40,31,12,43,Adv,Target,High,3,7.07,Low
s18,Spanish,item41,31,12,43,Adv,Target,Low,2,8.52,High
s18,Spanish,item42,31,12,43,Adv,Target,Low,1,6.25,Low
s18,Spanish,item43,31,12,43,Adv,Target,Low,1,8.55,Low
s18,Spanish,item44,31,12,43,Adv,Target,Low,1,6.03,Low
s18,Spanish,item45,31,12,43,Adv,Target,Low,5,8.88,Low
s18,Spanish,item46,31,12,43,Adv,Target,Low,3,11.75,Low
s18,Spanish,item47,31,12,43,Adv,Target,Low,1,10.05,Low
s18,Spanish,item48,31,12,43,Adv,Target,Low,3,11.31,Low
s18,Spanish,item49,31,12,43,Adv,Target,Low,1,11.1,Low
s18,Spanish,item50,31,12,43,Adv,Target,Low,1,8.38,High
s19,Spanish,item1,33,10,33,Int,Filler,NA,4,8.9,NA
s19,Spanish,item2,33,10,33,Int,Filler,NA,1,5.27,NA
s19,Spanish,item3,33,10,33,Int,Filler,NA,1,9.78,NA
s19,Spanish,item4,33,10,33,Int,Filler,NA,3,7.11,NA
s19,Spanish,item5,33,10,33,Int,Filler,NA,1,9.86,NA
s19,Spanish,item6,33,10,33,Int,Filler,NA,6,5.19,NA
s19,Spanish,item7,33,10,33,Int,Filler,NA,4,10.2,NA
s19,Spanish,item8,33,10,33,Int,Filler,NA,2,7.47,NA
s19,Spanish,item9,33,10,33,Int,Filler,NA,3,10.67,NA
s19,Spanish,item10,33,10,33,Int,Filler,NA,4,8.27,NA
s19,Spanish,item11,33,10,33,Int,Filler,NA,3,7.24,NA
s19,Spanish,item12,33,10,33,Int,Filler,NA,5,9.13,NA
s19,Spanish,item13,33,10,33,Int,Filler,NA,3,8.2,NA
s19,Spanish,item14,33,10,33,Int,Filler,NA,1,7.26,NA
s19,Spanish,item15,33,10,33,Int,Filler,NA,4,6.81,NA
s19,Spanish,item16,33,10,33,Int,Filler,NA,4,12.3,NA
s19,Spanish,item17,33,10,33,Int,Filler,NA,6,6.72,NA
s19,Spanish,item18,33,10,33,Int,Filler,NA,6,9.23,NA
s19,Spanish,item19,33,10,33,Int,Filler,NA,6,7.95,NA
s19,Spanish,item20,33,10,33,Int,Filler,NA,1,6.61,NA
s19,Spanish,item21,33,10,33,Int,Target,NoBreak,4,6.32,High
s19,Spanish,item22,33,10,33,Int,Target,NoBreak,1,6.16,Low
s19,Spanish,item23,33,10,33,Int,Target,NoBreak,4,6.3,High
s19,Spanish,item24,33,10,33,Int,Target,NoBreak,3,6.15,High
s19,Spanish,item25,33,10,33,Int,Target,NoBreak,3,9.77,High
s19,Spanish,item26,33,10,33,Int,Target,NoBreak,3,8.24,High
s19,Spanish,item27,33,10,33,Int,Target,NoBreak,2,11.95,Low
s19,Spanish,item28,33,10,33,Int,Target,NoBreak,2,9.68,High
s19,Spanish,item29,33,10,33,Int,Target,NoBreak,2,11.37,High
s19,Spanish,item30,33,10,33,Int,Target,NoBreak,6,9.47,Low
s19,Spanish,item31,33,10,33,Int,Target,High,5,9.7,Low
s19,Spanish,item32,33,10,33,Int,Target,High,6,9.08,High
s19,Spanish,item33,33,10,33,Int,Target,High,3,7.63,High
s19,Spanish,item34,33,10,33,Int,Target,High,6,9.83,Low
s19,Spanish,item35,33,10,33,Int,Target,High,2,8.29,High
s19,Spanish,item36,33,10,33,Int,Target,High,5,10.02,High
s19,Spanish,item37,33,10,33,Int,Target,High,5,6.97,High
s19,Spanish,item38,33,10,33,Int,Target,High,5,9.97,High
s19,Spanish,item39,33,10,33,Int,Target,High,5,7.78,High
s19,Spanish,item40,33,10,33,Int,Target,High,2,6.83,High
s19,Spanish,item41,33,10,33,Int,Target,Low,5,5.94,Low
s19,Spanish,item42,33,10,33,Int,Target,Low,5,11.82,High
s19,Spanish,item43,33,10,33,Int,Target,Low,4,9.99,High
s19,Spanish,item44,33,10,33,Int,Target,Low,1,9.04,Low
s19,Spanish,item45,33,10,33,Int,Target,Low,4,10.29,Low
s19,Spanish,item46,33,10,33,Int,Target,Low,1,9.22,Low
s19,Spanish,item47,33,10,33,Int,Target,Low,1,6.95,High
s19,Spanish,item48,33,10,33,Int,Target,Low,4,5.61,Low
s19,Spanish,item49,33,10,33,Int,Target,Low,2,8.78,High
s19,Spanish,item50,33,10,33,Int,Target,Low,3,8.61,Low
s20,Spanish,item1,39,14,17,Adv,Filler,NA,4,7.02,NA
s20,Spanish,item2,39,14,17,Adv,Filler,NA,2,9.64,NA
s20,Spanish,item3,39,14,17,Adv,Filler,NA,1,8.34,NA
s20,Spanish,item4,39,14,17,Adv,Filler,NA,5,10.37,NA
s20,Spanish,item5,39,14,17,Adv,Filler,NA,5,11.2,NA
s20,Spanish,item6,39,14,17,Adv,Filler,NA,3,7.79,NA
s20,Spanish,item7,39,14,17,Adv,Filler,NA,2,7.34,NA
s20,Spanish,item8,39,14,17,Adv,Filler,NA,4,9.16,NA
s20,Spanish,item9,39,14,17,Adv,Filler,NA,6,11.44,NA
s20,Spanish,item10,39,14,17,Adv,Filler,NA,1,5.81,NA
s20,Spanish,item11,39,14,17,Adv,Filler,NA,1,7.41,NA
s20,Spanish,item12,39,14,17,Adv,Filler,NA,6,7.63,NA
s20,Spanish,item13,39,14,17,Adv,Filler,NA,3,9.57,NA
s20,Spanish,item14,39,14,17,Adv,Filler,NA,2,13.14,NA
s20,Spanish,item15,39,14,17,Adv,Filler,NA,2,8.07,NA
s20,Spanish,item16,39,14,17,Adv,Filler,NA,6,8.14,NA
s20,Spanish,item17,39,14,17,Adv,Filler,NA,6,5.87,NA
s20,Spanish,item18,39,14,17,Adv,Filler,NA,4,7.05,NA
s20,Spanish,item19,39,14,17,Adv,Filler,NA,4,10.27,NA
s20,Spanish,item20,39,14,17,Adv,Filler,NA,6,7.57,NA
s20,Spanish,item21,39,14,17,Adv,Target,NoBreak,5,8.39,High
s20,Spanish,item22,39,14,17,Adv,Target,NoBreak,3,8.63,High
s20,Spanish,item23,39,14,17,Adv,Target,NoBreak,5,9.15,High
s20,Spanish,item24,39,14,17,Adv,Target,NoBreak,1,12.14,High
s20,Spanish,item25,39,14,17,Adv,Target,NoBreak,3,11.47,Low
s20,Spanish,item26,39,14,17,Adv,Target,NoBreak,4,12.83,High
s20,Spanish,item27,39,14,17,Adv,Target,NoBreak,5,5.96,High
s20,Spanish,item28,39,14,17,Adv,Target,NoBreak,3,8.43,High
s20,Spanish,item29,39,14,17,Adv,Target,NoBreak,4,11.11,Low
s20,Spanish,item30,39,14,17,Adv,Target,NoBreak,3,8.72,Low
s20,Spanish,item31,39,14,17,Adv,Target,High,3,9.47,High
s20,Spanish,item32,39,14,17,Adv,Target,High,2,7.75,Low
s20,Spanish,item33,39,14,17,Adv,Target,High,3,5.57,High
s20,Spanish,item34,39,14,17,Adv,Target,High,6,6.75,High
s20,Spanish,item35,39,14,17,Adv,Target,High,5,12.28,High
s20,Spanish,item36,39,14,17,Adv,Target,High,6,8.43,High
s20,Spanish,item37,39,14,17,Adv,Target,High,6,12.08,High
s20,Spanish,item38,39,14,17,Adv,Target,High,4,10.44,High
s20,Spanish,item39,39,14,17,Adv,Target,High,4,10.15,Low
s20,Spanish,item40,39,14,17,Adv,Target,High,3,11.79,High
s20,Spanish,item41,39,14,17,Adv,Target,Low,1,6.96,High
s20,Spanish,item42,39,14,17,Adv,Target,Low,1,8.7,Low
s20,Spanish,item43,39,14,17,Adv,Target,Low,4,9.23,High
s20,Spanish,item44,39,14,17,Adv,Target,Low,3,8.15,High
s20,Spanish,item45,39,14,17,Adv,Target,Low,1,9.33,High
s20,Spanish,item46,39,14,17,Adv,Target,Low,1,6.08,High
s20,Spanish,item47,39,14,17,Adv,Target,Low,2,7.27,Low
s20,Spanish,item48,39,14,17,Adv,Target,Low,4,10.88,Low
s20,Spanish,item49,39,14,17,Adv,Target,Low,2,10.22,Low
s20,Spanish,item50,39,14,17,Adv,Target,Low,4,12.11,Low
s21,Spanish,item1,45,11,26,Int,Filler,NA,4,8.86,NA
s21,Spanish,item2,45,11,26,Int,Filler,NA,1,8.77,NA
s21,Spanish,item3,45,11,26,Int,Filler,NA,6,8.7,NA
s21,Spanish,item4,45,11,26,Int,Filler,NA,6,7.68,NA
s21,Spanish,item5,45,11,26,Int,Filler,NA,5,9.97,NA
s21,Spanish,item6,45,11,26,Int,Filler,NA,5,7.26,NA
s21,Spanish,item7,45,11,26,Int,Filler,NA,1,10.44,NA
s21,Spanish,item8,45,11,26,Int,Filler,NA,6,9.16,NA
s21,Spanish,item9,45,11,26,Int,Filler,NA,1,10.97,NA
s21,Spanish,item10,45,11,26,Int,Filler,NA,6,11.87,NA
s21,Spanish,item11,45,11,26,Int,Filler,NA,2,8.71,NA
s21,Spanish,item12,45,11,26,Int,Filler,NA,3,8.68,NA
s21,Spanish,item13,45,11,26,Int,Filler,NA,2,9.41,NA
s21,Spanish,item14,45,11,26,Int,Filler,NA,6,8.25,NA
s21,Spanish,item15,45,11,26,Int,Filler,NA,3,12.54,NA
s21,Spanish,item16,45,11,26,Int,Filler,NA,6,9.38,NA
s21,Spanish,item17,45,11,26,Int,Filler,NA,3,11.15,NA
s21,Spanish,item18,45,11,26,Int,Filler,NA,1,10.22,NA
s21,Spanish,item19,45,11,26,Int,Filler,NA,1,12.19,NA
s21,Spanish,item20,45,11,26,Int,Filler,NA,4,9.1,NA
s21,Spanish,item21,45,11,26,Int,Target,NoBreak,1,4.79,Low
s21,Spanish,item22,45,11,26,Int,Target,NoBreak,6,11.04,Low
s21,Spanish,item23,45,11,26,Int,Target,NoBreak,4,7.92,High
s21,Spanish,item24,45,11,26,Int,Target,NoBreak,4,10.83,Low
s21,Spanish,item25,45,11,26,Int,Target,NoBreak,1,8.03,Low
s21,Spanish,item26,45,11,26,Int,Target,NoBreak,1,9.7,Low
s21,Spanish,item27,45,11,26,Int,Target,NoBreak,1,8.83,High
s21,Spanish,item28,45,11,26,Int,Target,NoBreak,2,9.41,High
s21,Spanish,item29,45,11,26,Int,Target,NoBreak,1,8.64,Low
s21,Spanish,item30,45,11,26,Int,Target,NoBreak,1,8.01,High
s21,Spanish,item31,45,11,26,Int,Target,High,6,9.87,Low
s21,Spanish,item32,45,11,26,Int,Target,High,6,7.19,High
s21,Spanish,item33,45,11,26,Int,Target,High,2,8.96,High
s21,Spanish,item34,45,11,26,Int,Target,High,3,8.93,High
s21,Spanish,item35,45,11,26,Int,Target,High,2,8.29,High
s21,Spanish,item36,45,11,26,Int,Target,High,3,12.81,High
s21,Spanish,item37,45,11,26,Int,Target,High,6,5.95,High
s21,Spanish,item38,45,11,26,Int,Target,High,6,9.56,High
s21,Spanish,item39,45,11,26,Int,Target,High,2,7.2,High
s21,Spanish,item40,45,11,26,Int,Target,High,5,6.95,High
s21,Spanish,item41,45,11,26,Int,Target,Low,3,10.36,Low
s21,Spanish,item42,45,11,26,Int,Target,Low,1,14.61,High
s21,Spanish,item43,45,11,26,Int,Target,Low,4,13.15,High
s21,Spanish,item44,45,11,26,Int,Target,Low,5,10.8,High
s21,Spanish,item45,45,11,26,Int,Target,Low,1,9.21,High
s21,Spanish,item46,45,11,26,Int,Target,Low,2,14.33,Low
s21,Spanish,item47,45,11,26,Int,Target,Low,1,10,High
s21,Spanish,item48,45,11,26,Int,Target,Low,1,8.76,Low
s21,Spanish,item49,45,11,26,Int,Target,Low,4,7.87,High
s21,Spanish,item50,45,11,26,Int,Target,Low,3,9.34,Low
s22,Spanish,item1,29,7,33,Adv,Filler,NA,6,10.54,NA
s22,Spanish,item2,29,7,33,Adv,Filler,NA,6,9.62,NA
s22,Spanish,item3,29,7,33,Adv,Filler,NA,1,8.78,NA
s22,Spanish,item4,29,7,33,Adv,Filler,NA,2,5.31,NA
s22,Spanish,item5,29,7,33,Adv,Filler,NA,1,7.47,NA
s22,Spanish,item6,29,7,33,Adv,Filler,NA,3,9.63,NA
s22,Spanish,item7,29,7,33,Adv,Filler,NA,2,7.4,NA
s22,Spanish,item8,29,7,33,Adv,Filler,NA,3,6.82,NA
s22,Spanish,item9,29,7,33,Adv,Filler,NA,6,7.98,NA
s22,Spanish,item10,29,7,33,Adv,Filler,NA,2,6.78,NA
s22,Spanish,item11,29,7,33,Adv,Filler,NA,1,7.34,NA
s22,Spanish,item12,29,7,33,Adv,Filler,NA,6,11.68,NA
s22,Spanish,item13,29,7,33,Adv,Filler,NA,4,8.77,NA
s22,Spanish,item14,29,7,33,Adv,Filler,NA,4,9.87,NA
s22,Spanish,item15,29,7,33,Adv,Filler,NA,1,7.98,NA
s22,Spanish,item16,29,7,33,Adv,Filler,NA,1,7.18,NA
s22,Spanish,item17,29,7,33,Adv,Filler,NA,5,8.94,NA
s22,Spanish,item18,29,7,33,Adv,Filler,NA,4,5.55,NA
s22,Spanish,item19,29,7,33,Adv,Filler,NA,2,10.22,NA
s22,Spanish,item20,29,7,33,Adv,Filler,NA,6,7.55,NA
s22,Spanish,item21,29,7,33,Adv,Target,NoBreak,5,3.44,Low
s22,Spanish,item22,29,7,33,Adv,Target,NoBreak,6,6.84,High
s22,Spanish,item23,29,7,33,Adv,Target,NoBreak,5,7.56,High
s22,Spanish,item24,29,7,33,Adv,Target,NoBreak,4,11.36,Low
s22,Spanish,item25,29,7,33,Adv,Target,NoBreak,3,8.09,High
s22,Spanish,item26,29,7,33,Adv,Target,NoBreak,6,5.87,High
s22,Spanish,item27,29,7,33,Adv,Target,NoBreak,5,7.76,High
s22,Spanish,item28,29,7,33,Adv,Target,NoBreak,5,6.79,High
s22,Spanish,item29,29,7,33,Adv,Target,NoBreak,2,5.73,High
s22,Spanish,item30,29,7,33,Adv,Target,NoBreak,3,7.16,High
s22,Spanish,item31,29,7,33,Adv,Target,High,2,4.97,Low
s22,Spanish,item32,29,7,33,Adv,Target,High,2,12.14,High
s22,Spanish,item33,29,7,33,Adv,Target,High,6,8.34,Low
s22,Spanish,item34,29,7,33,Adv,Target,High,4,8.89,High
s22,Spanish,item35,29,7,33,Adv,Target,High,6,6.08,High
s22,Spanish,item36,29,7,33,Adv,Target,High,3,9.95,High
s22,Spanish,item37,29,7,33,Adv,Target,High,6,8.72,High
s22,Spanish,item38,29,7,33,Adv,Target,High,2,6.42,Low
s22,Spanish,item39,29,7,33,Adv,Target,High,4,7.73,High
s22,Spanish,item40,29,7,33,Adv,Target,High,4,7.27,Low
s22,Spanish,item41,29,7,33,Adv,Target,Low,2,10.72,High
s22,Spanish,item42,29,7,33,Adv,Target,Low,1,8.43,High
s22,Spanish,item43,29,7,33,Adv,Target,Low,2,10.4,Low
s22,Spanish,item44,29,7,33,Adv,Target,Low,2,9.84,Low
s22,Spanish,item45,29,7,33,Adv,Target,Low,5,8.22,High
s22,Spanish,item46,29,7,33,Adv,Target,Low,3,8.61,Low
s22,Spanish,item47,29,7,33,Adv,Target,Low,2,7.33,Low
s22,Spanish,item48,29,7,33,Adv,Target,Low,4,7.9,High
s22,Spanish,item49,29,7,33,Adv,Target,Low,2,6.48,High
s22,Spanish,item50,29,7,33,Adv,Target,Low,4,8.02,High
s23,Spanish,item1,33,14,32,Int,Filler,NA,5,7.69,NA
s23,Spanish,item2,33,14,32,Int,Filler,NA,5,7.94,NA
s23,Spanish,item3,33,14,32,Int,Filler,NA,5,12.45,NA
s23,Spanish,item4,33,14,32,Int,Filler,NA,1,8.54,NA
s23,Spanish,item5,33,14,32,Int,Filler,NA,5,5.85,NA
s23,Spanish,item6,33,14,32,Int,Filler,NA,3,9.84,NA
s23,Spanish,item7,33,14,32,Int,Filler,NA,1,7.82,NA
s23,Spanish,item8,33,14,32,Int,Filler,NA,6,10.64,NA
s23,Spanish,item9,33,14,32,Int,Filler,NA,1,8.39,NA
s23,Spanish,item10,33,14,32,Int,Filler,NA,4,10.97,NA
s23,Spanish,item11,33,14,32,Int,Filler,NA,2,8.27,NA
s23,Spanish,item12,33,14,32,Int,Filler,NA,1,7.4,NA
s23,Spanish,item13,33,14,32,Int,Filler,NA,1,11.58,NA
s23,Spanish,item14,33,14,32,Int,Filler,NA,4,6.03,NA
s23,Spanish,item15,33,14,32,Int,Filler,NA,3,9.01,NA
s23,Spanish,item16,33,14,32,Int,Filler,NA,6,6.68,NA
s23,Spanish,item17,33,14,32,Int,Filler,NA,3,10.28,NA
s23,Spanish,item18,33,14,32,Int,Filler,NA,1,9.03,NA
s23,Spanish,item19,33,14,32,Int,Filler,NA,4,7.59,NA
s23,Spanish,item20,33,14,32,Int,Filler,NA,5,7.67,NA
s23,Spanish,item21,33,14,32,Int,Target,NoBreak,5,10.11,High
s23,Spanish,item22,33,14,32,Int,Target,NoBreak,1,6.86,Low
s23,Spanish,item23,33,14,32,Int,Target,NoBreak,3,7.34,High
s23,Spanish,item24,33,14,32,Int,Target,NoBreak,5,9.31,High
s23,Spanish,item25,33,14,32,Int,Target,NoBreak,3,9.88,High
s23,Spanish,item26,33,14,32,Int,Target,NoBreak,5,5.79,High
s23,Spanish,item27,33,14,32,Int,Target,NoBreak,3,8.95,Low
s23,Spanish,item28,33,14,32,Int,Target,NoBreak,2,6.7,High
s23,Spanish,item29,33,14,32,Int,Target,NoBreak,5,7.57,High
s23,Spanish,item30,33,14,32,Int,Target,NoBreak,6,10.81,High
s23,Spanish,item31,33,14,32,Int,Target,High,6,9.96,High
s23,Spanish,item32,33,14,32,Int,Target,High,5,7.98,High
s23,Spanish,item33,33,14,32,Int,Target,High,3,6.75,High
s23,Spanish,item34,33,14,32,Int,Target,High,6,8.82,High
s23,Spanish,item35,33,14,32,Int,Target,High,6,10.93,High
s23,Spanish,item36,33,14,32,Int,Target,High,6,9.8,High
s23,Spanish,item37,33,14,32,Int,Target,High,2,8.97,High
s23,Spanish,item38,33,14,32,Int,Target,High,2,8.43,High
s23,Spanish,item39,33,14,32,Int,Target,High,2,10.06,High
s23,Spanish,item40,33,14,32,Int,Target,High,4,9.82,High
s23,Spanish,item41,33,14,32,Int,Target,Low,3,10.47,Low
s23,Spanish,item42,33,14,32,Int,Target,Low,3,7.95,Low
s23,Spanish,item43,33,14,32,Int,Target,Low,4,4.67,High
s23,Spanish,item44,33,14,32,Int,Target,Low,3,8.19,High
s23,Spanish,item45,33,14,32,Int,Target,Low,1,11.29,High
s23,Spanish,item46,33,14,32,Int,Target,Low,1,8.81,High
s23,Spanish,item47,33,14,32,Int,Target,Low,2,8.07,High
s23,Spanish,item48,33,14,32,Int,Target,Low,5,5.75,High
s23,Spanish,item49,33,14,32,Int,Target,Low,3,8.13,High
s23,Spanish,item50,33,14,32,Int,Target,Low,1,7.79,Low
s24,Spanish,item1,49,10,48,Adv,Filler,NA,2,8.7,NA
s24,Spanish,item2,49,10,48,Adv,Filler,NA,1,10.07,NA
s24,Spanish,item3,49,10,48,Adv,Filler,NA,2,9.44,NA
s24,Spanish,item4,49,10,48,Adv,Filler,NA,6,12.4,NA
s24,Spanish,item5,49,10,48,Adv,Filler,NA,2,6.8,NA
s24,Spanish,item6,49,10,48,Adv,Filler,NA,4,6.94,NA
s24,Spanish,item7,49,10,48,Adv,Filler,NA,6,7.73,NA
s24,Spanish,item8,49,10,48,Adv,Filler,NA,6,9.84,NA
s24,Spanish,item9,49,10,48,Adv,Filler,NA,5,14.2,NA
s24,Spanish,item10,49,10,48,Adv,Filler,NA,1,12.61,NA
s24,Spanish,item11,49,10,48,Adv,Filler,NA,6,9.15,NA
s24,Spanish,item12,49,10,48,Adv,Filler,NA,5,8.36,NA
s24,Spanish,item13,49,10,48,Adv,Filler,NA,4,12.4,NA
s24,Spanish,item14,49,10,48,Adv,Filler,NA,2,10.51,NA
s24,Spanish,item15,49,10,48,Adv,Filler,NA,4,9.07,NA
s24,Spanish,item16,49,10,48,Adv,Filler,NA,6,9.83,NA
s24,Spanish,item17,49,10,48,Adv,Filler,NA,4,12.25,NA
s24,Spanish,item18,49,10,48,Adv,Filler,NA,6,9.69,NA
s24,Spanish,item19,49,10,48,Adv,Filler,NA,6,10.3,NA
s24,Spanish,item20,49,10,48,Adv,Filler,NA,5,11.45,NA
s24,Spanish,item21,49,10,48,Adv,Target,NoBreak,3,9.22,High
s24,Spanish,item22,49,10,48,Adv,Target,NoBreak,2,6.28,High
s24,Spanish,item23,49,10,48,Adv,Target,NoBreak,4,10.25,Low
s24,Spanish,item24,49,10,48,Adv,Target,NoBreak,1,12.72,High
s24,Spanish,item25,49,10,48,Adv,Target,NoBreak,2,9.95,High
s24,Spanish,item26,49,10,48,Adv,Target,NoBreak,2,11.61,High
s24,Spanish,item27,49,10,48,Adv,Target,NoBreak,5,9.21,Low
s24,Spanish,item28,49,10,48,Adv,Target,NoBreak,5,8.48,High
s24,Spanish,item29,49,10,48,Adv,Target,NoBreak,3,11.16,Low
s24,Spanish,item30,49,10,48,Adv,Target,NoBreak,2,9.53,High
s24,Spanish,item31,49,10,48,Adv,Target,High,4,11.57,Low
s24,Spanish,item32,49,10,48,Adv,Target,High,4,11.79,Low
s24,Spanish,item33,49,10,48,Adv,Target,High,6,9.09,High
s24,Spanish,item34,49,10,48,Adv,Target,High,5,10.1,High
s24,Spanish,item35,49,10,48,Adv,Target,High,5,11.72,High
s24,Spanish,item36,49,10,48,Adv,Target,High,6,12.79,High
s24,Spanish,item37,49,10,48,Adv,Target,High,6,9.11,High
s24,Spanish,item38,49,10,48,Adv,Target,High,4,8.94,High
s24,Spanish,item39,49,10,48,Adv,Target,High,6,9.27,Low
s24,Spanish,item40,49,10,48,Adv,Target,High,6,12.3,High
s24,Spanish,item41,49,10,48,Adv,Target,Low,5,9.4,High
s24,Spanish,item42,49,10,48,Adv,Target,Low,2,9.6,Low
s24,Spanish,item43,49,10,48,Adv,Target,Low,1,10.39,Low
s24,Spanish,item44,49,10,48,Adv,Target,Low,1,8.32,High
s24,Spanish,item45,49,10,48,Adv,Target,Low,2,10.05,Low
s24,Spanish,item46,49,10,48,Adv,Target,Low,3,10.1,Low
s24,Spanish,item47,49,10,48,Adv,Target,Low,4,11.01,Low
s24,Spanish,item48,49,10,48,Adv,Target,Low,5,12.24,Low
s24,Spanish,item49,49,10,48,Adv,Target,Low,4,14,Low
s24,Spanish,item50,49,10,48,Adv,Target,Low,1,12.5,High
s25,Spanish,item1,38,12,37,Int,Filler,NA,2,6.56,NA
s25,Spanish,item2,38,12,37,Int,Filler,NA,5,11.45,NA
s25,Spanish,item3,38,12,37,Int,Filler,NA,1,10.22,NA
s25,Spanish,item4,38,12,37,Int,Filler,NA,4,8.91,NA
s25,Spanish,item5,38,12,37,Int,Filler,NA,4,11.17,NA
s25,Spanish,item6,38,12,37,Int,Filler,NA,2,9.75,NA
s25,Spanish,item7,38,12,37,Int,Filler,NA,1,8.53,NA
s25,Spanish,item8,38,12,37,Int,Filler,NA,1,7.78,NA
s25,Spanish,item9,38,12,37,Int,Filler,NA,2,10.36,NA
s25,Spanish,item10,38,12,37,Int,Filler,NA,1,4.91,NA
s25,Spanish,item11,38,12,37,Int,Filler,NA,2,8.53,NA
s25,Spanish,item12,38,12,37,Int,Filler,NA,4,6.82,NA
s25,Spanish,item13,38,12,37,Int,Filler,NA,5,5.24,NA
s25,Spanish,item14,38,12,37,Int,Filler,NA,3,9.19,NA
s25,Spanish,item15,38,12,37,Int,Filler,NA,5,8.57,NA
s25,Spanish,item16,38,12,37,Int,Filler,NA,1,5.24,NA
s25,Spanish,item17,38,12,37,Int,Filler,NA,1,8.31,NA
s25,Spanish,item18,38,12,37,Int,Filler,NA,2,9.54,NA
s25,Spanish,item19,38,12,37,Int,Filler,NA,2,9.93,NA
s25,Spanish,item20,38,12,37,Int,Filler,NA,1,9.32,NA
s25,Spanish,item21,38,12,37,Int,Target,NoBreak,6,10.42,High
s25,Spanish,item22,38,12,37,Int,Target,NoBreak,6,9.49,High
s25,Spanish,item23,38,12,37,Int,Target,NoBreak,4,9.8,Low
s25,Spanish,item24,38,12,37,Int,Target,NoBreak,6,8.95,Low
s25,Spanish,item25,38,12,37,Int,Target,NoBreak,6,7.33,High
s25,Spanish,item26,38,12,37,Int,Target,NoBreak,1,9.6,Low
s25,Spanish,item27,38,12,37,Int,Target,NoBreak,2,10.78,High
s25,Spanish,item28,38,12,37,Int,Target,NoBreak,1,13.16,High
s25,Spanish,item29,38,12,37,Int,Target,NoBreak,5,8.38,High
s25,Spanish,item30,38,12,37,Int,Target,NoBreak,1,9.17,High
s25,Spanish,item31,38,12,37,Int,Target,High,4,5.06,High
s25,Spanish,item32,38,12,37,Int,Target,High,6,7.41,High
s25,Spanish,item33,38,12,37,Int,Target,High,5,11.07,High
s25,Spanish,item34,38,12,37,Int,Target,High,6,8.35,High
s25,Spanish,item35,38,12,37,Int,Target,High,6,9.8,High
s25,Spanish,item36,38,12,37,Int,Target,High,5,9.97,High
s25,Spanish,item37,38,12,37,Int,Target,High,5,7.13,High
s25,Spanish,item38,38,12,37,Int,Target,High,4,8.83,High
s25,Spanish,item39,38,12,37,Int,Target,High,2,9.21,High
s25,Spanish,item40,38,12,37,Int,Target,High,4,8.25,High
s25,Spanish,item41,38,12,37,Int,Target,Low,1,10.04,High
s25,Spanish,item42,38,12,37,Int,Target,Low,1,8.53,High
s25,Spanish,item43,38,12,37,Int,Target,Low,1,7.65,Low
s25,Spanish,item44,38,12,37,Int,Target,Low,1,10.61,High
s25,Spanish,item45,38,12,37,Int,Target,Low,1,12.13,High
s25,Spanish,item46,38,12,37,Int,Target,Low,1,10,High
s25,Spanish,item47,38,12,37,Int,Target,Low,2,9.56,High
s25,Spanish,item48,38,12,37,Int,Target,Low,1,9.16,Low
s25,Spanish,item49,38,12,37,Int,Target,Low,2,12.17,High
s25,Spanish,item50,38,12,37,Int,Target,Low,2,11.62,Low
s26,Spanish,item1,29,6,49,Adv,Filler,NA,6,10.12,NA
s26,Spanish,item2,29,6,49,Adv,Filler,NA,1,8.88,NA
s26,Spanish,item3,29,6,49,Adv,Filler,NA,4,8.33,NA
s26,Spanish,item4,29,6,49,Adv,Filler,NA,3,8.69,NA
s26,Spanish,item5,29,6,49,Adv,Filler,NA,2,8.32,NA
s26,Spanish,item6,29,6,49,Adv,Filler,NA,2,6,NA
s26,Spanish,item7,29,6,49,Adv,Filler,NA,4,11.3,NA
s26,Spanish,item8,29,6,49,Adv,Filler,NA,1,6.09,NA
s26,Spanish,item9,29,6,49,Adv,Filler,NA,3,9.4,NA
s26,Spanish,item10,29,6,49,Adv,Filler,NA,4,5.95,NA
s26,Spanish,item11,29,6,49,Adv,Filler,NA,6,6.49,NA
s26,Spanish,item12,29,6,49,Adv,Filler,NA,2,6.78,NA
s26,Spanish,item13,29,6,49,Adv,Filler,NA,6,6.01,NA
s26,Spanish,item14,29,6,49,Adv,Filler,NA,5,7.79,NA
s26,Spanish,item15,29,6,49,Adv,Filler,NA,5,6.56,NA
s26,Spanish,item16,29,6,49,Adv,Filler,NA,5,8.15,NA
s26,Spanish,item17,29,6,49,Adv,Filler,NA,5,11.09,NA
s26,Spanish,item18,29,6,49,Adv,Filler,NA,6,9.07,NA
s26,Spanish,item19,29,6,49,Adv,Filler,NA,1,5.23,NA
s26,Spanish,item20,29,6,49,Adv,Filler,NA,2,8.65,NA
s26,Spanish,item21,29,6,49,Adv,Target,NoBreak,5,8.33,High
s26,Spanish,item22,29,6,49,Adv,Target,NoBreak,3,11.29,Low
s26,Spanish,item23,29,6,49,Adv,Target,NoBreak,2,9.01,High
s26,Spanish,item24,29,6,49,Adv,Target,NoBreak,2,7.81,High
s26,Spanish,item25,29,6,49,Adv,Target,NoBreak,5,6.22,High
s26,Spanish,item26,29,6,49,Adv,Target,NoBreak,1,8.29,High
s26,Spanish,item27,29,6,49,Adv,Target,NoBreak,4,10.1,High
s26,Spanish,item28,29,6,49,Adv,Target,NoBreak,4,6.8,High
s26,Spanish,item29,29,6,49,Adv,Target,NoBreak,6,7.01,Low
s26,Spanish,item30,29,6,49,Adv,Target,NoBreak,3,9.77,High
s26,Spanish,item31,29,6,49,Adv,Target,High,5,9.35,High
s26,Spanish,item32,29,6,49,Adv,Target,High,3,7.44,High
s26,Spanish,item33,29,6,49,Adv,Target,High,3,7.13,Low
s26,Spanish,item34,29,6,49,Adv,Target,High,5,7.47,High
s26,Spanish,item35,29,6,49,Adv,Target,High,2,9.65,High
s26,Spanish,item36,29,6,49,Adv,Target,High,6,7.99,High
s26,Spanish,item37,29,6,49,Adv,Target,High,2,8.31,High
s26,Spanish,item38,29,6,49,Adv,Target,High,6,10.48,High
s26,Spanish,item39,29,6,49,Adv,Target,High,4,9.27,Low
s26,Spanish,item40,29,6,49,Adv,Target,High,6,9.82,High
s26,Spanish,item41,29,6,49,Adv,Target,Low,3,11.41,Low
s26,Spanish,item42,29,6,49,Adv,Target,Low,1,8.2,High
s26,Spanish,item43,29,6,49,Adv,Target,Low,2,8.53,Low
s26,Spanish,item44,29,6,49,Adv,Target,Low,1,8.95,High
s26,Spanish,item45,29,6,49,Adv,Target,Low,1,9.41,High
s26,Spanish,item46,29,6,49,Adv,Target,Low,2,7.9,Low
s26,Spanish,item47,29,6,49,Adv,Target,Low,1,9.05,Low
s26,Spanish,item48,29,6,49,Adv,Target,Low,3,7.57,High
s26,Spanish,item49,29,6,49,Adv,Target,Low,1,9.25,Low
s26,Spanish,item50,29,6,49,Adv,Target,Low,1,7.19,High
s27,Spanish,item1,29,6,25,Int,Filler,NA,4,7.53,NA
s27,Spanish,item2,29,6,25,Int,Filler,NA,5,10.1,NA
s27,Spanish,item3,29,6,25,Int,Filler,NA,6,7.36,NA
s27,Spanish,item4,29,6,25,Int,Filler,NA,3,6.8,NA
s27,Spanish,item5,29,6,25,Int,Filler,NA,4,8.82,NA
s27,Spanish,item6,29,6,25,Int,Filler,NA,6,3.17,NA
s27,Spanish,item7,29,6,25,Int,Filler,NA,4,8.06,NA
s27,Spanish,item8,29,6,25,Int,Filler,NA,3,8.23,NA
s27,Spanish,item9,29,6,25,Int,Filler,NA,4,11.6,NA
s27,Spanish,item10,29,6,25,Int,Filler,NA,2,7.01,NA
s27,Spanish,item11,29,6,25,Int,Filler,NA,5,6.63,NA
s27,Spanish,item12,29,6,25,Int,Filler,NA,4,11.51,NA
s27,Spanish,item13,29,6,25,Int,Filler,NA,1,8.48,NA
s27,Spanish,item14,29,6,25,Int,Filler,NA,1,7.89,NA
s27,Spanish,item15,29,6,25,Int,Filler,NA,6,8.71,NA
s27,Spanish,item16,29,6,25,Int,Filler,NA,6,7.19,NA
s27,Spanish,item17,29,6,25,Int,Filler,NA,1,5.99,NA
s27,Spanish,item18,29,6,25,Int,Filler,NA,6,9.12,NA
s27,Spanish,item19,29,6,25,Int,Filler,NA,6,8.04,NA
s27,Spanish,item20,29,6,25,Int,Filler,NA,5,7.74,NA
s27,Spanish,item21,29,6,25,Int,Target,NoBreak,5,6.14,Low
s27,Spanish,item22,29,6,25,Int,Target,NoBreak,1,6.96,Low
s27,Spanish,item23,29,6,25,Int,Target,NoBreak,3,8.98,Low
s27,Spanish,item24,29,6,25,Int,Target,NoBreak,3,6.71,High
s27,Spanish,item25,29,6,25,Int,Target,NoBreak,4,9.01,Low
s27,Spanish,item26,29,6,25,Int,Target,NoBreak,1,10.18,High
s27,Spanish,item27,29,6,25,Int,Target,NoBreak,2,9.71,High
s27,Spanish,item28,29,6,25,Int,Target,NoBreak,3,6.12,High
s27,Spanish,item29,29,6,25,Int,Target,NoBreak,4,8.42,High
s27,Spanish,item30,29,6,25,Int,Target,NoBreak,5,8.23,High
s27,Spanish,item31,29,6,25,Int,Target,High,6,9.33,High
s27,Spanish,item32,29,6,25,Int,Target,High,5,8.51,High
s27,Spanish,item33,29,6,25,Int,Target,High,6,5.83,Low
s27,Spanish,item34,29,6,25,Int,Target,High,6,7.37,High
s27,Spanish,item35,29,6,25,Int,Target,High,3,9.68,High
s27,Spanish,item36,29,6,25,Int,Target,High,4,9.38,High
s27,Spanish,item37,29,6,25,Int,Target,High,4,10.79,High
s27,Spanish,item38,29,6,25,Int,Target,High,6,6.35,High
s27,Spanish,item39,29,6,25,Int,Target,High,4,6.84,High
s27,Spanish,item40,29,6,25,Int,Target,High,3,7.31,High
s27,Spanish,item41,29,6,25,Int,Target,Low,2,10.26,Low
s27,Spanish,item42,29,6,25,Int,Target,Low,1,8.85,High
s27,Spanish,item43,29,6,25,Int,Target,Low,3,11.03,Low
s27,Spanish,item44,29,6,25,Int,Target,Low,5,9.57,Low
s27,Spanish,item45,29,6,25,Int,Target,Low,3,8.92,High
s27,Spanish,item46,29,6,25,Int,Target,Low,3,11.58,Low
s27,Spanish,item47,29,6,25,Int,Target,Low,1,9.51,High
s27,Spanish,item48,29,6,25,Int,Target,Low,1,9.78,Low
s27,Spanish,item49,29,6,25,Int,Target,Low,1,8.73,High
s27,Spanish,item50,29,6,25,Int,Target,Low,5,8.43,High
s28,Spanish,item1,26,10,35,Adv,Filler,NA,4,6.5,NA
s28,Spanish,item2,26,10,35,Adv,Filler,NA,2,5.65,NA
s28,Spanish,item3,26,10,35,Adv,Filler,NA,4,7.26,NA
s28,Spanish,item4,26,10,35,Adv,Filler,NA,3,7.64,NA
s28,Spanish,item5,26,10,35,Adv,Filler,NA,5,10.38,NA
s28,Spanish,item6,26,10,35,Adv,Filler,NA,6,9.39,NA
s28,Spanish,item7,26,10,35,Adv,Filler,NA,2,7.06,NA
s28,Spanish,item8,26,10,35,Adv,Filler,NA,1,9.02,NA
s28,Spanish,item9,26,10,35,Adv,Filler,NA,3,5.95,NA
s28,Spanish,item10,26,10,35,Adv,Filler,NA,5,7.78,NA
s28,Spanish,item11,26,10,35,Adv,Filler,NA,1,8.32,NA
s28,Spanish,item12,26,10,35,Adv,Filler,NA,4,5.02,NA
s28,Spanish,item13,26,10,35,Adv,Filler,NA,1,9.41,NA
s28,Spanish,item14,26,10,35,Adv,Filler,NA,6,6.55,NA
s28,Spanish,item15,26,10,35,Adv,Filler,NA,4,4.85,NA
s28,Spanish,item16,26,10,35,Adv,Filler,NA,5,5.71,NA
s28,Spanish,item17,26,10,35,Adv,Filler,NA,6,4.6,NA
s28,Spanish,item18,26,10,35,Adv,Filler,NA,5,6.97,NA
s28,Spanish,item19,26,10,35,Adv,Filler,NA,5,8.86,NA
s28,Spanish,item20,26,10,35,Adv,Filler,NA,6,6.75,NA
s28,Spanish,item21,26,10,35,Adv,Target,NoBreak,2,6.04,High
s28,Spanish,item22,26,10,35,Adv,Target,NoBreak,6,7.4,High
s28,Spanish,item23,26,10,35,Adv,Target,NoBreak,2,7.91,High
s28,Spanish,item24,26,10,35,Adv,Target,NoBreak,1,8.28,Low
s28,Spanish,item25,26,10,35,Adv,Target,NoBreak,4,8.58,High
s28,Spanish,item26,26,10,35,Adv,Target,NoBreak,2,7.53,High
s28,Spanish,item27,26,10,35,Adv,Target,NoBreak,1,7.79,Low
s28,Spanish,item28,26,10,35,Adv,Target,NoBreak,3,9.61,Low
s28,Spanish,item29,26,10,35,Adv,Target,NoBreak,3,10.31,High
s28,Spanish,item30,26,10,35,Adv,Target,NoBreak,1,6.65,Low
s28,Spanish,item31,26,10,35,Adv,Target,High,6,8.35,High
s28,Spanish,item32,26,10,35,Adv,Target,High,6,7.63,High
s28,Spanish,item33,26,10,35,Adv,Target,High,6,9.61,High
s28,Spanish,item34,26,10,35,Adv,Target,High,3,9.01,Low
s28,Spanish,item35,26,10,35,Adv,Target,High,4,9.24,Low
s28,Spanish,item36,26,10,35,Adv,Target,High,6,7.14,High
s28,Spanish,item37,26,10,35,Adv,Target,High,6,9.19,High
s28,Spanish,item38,26,10,35,Adv,Target,High,5,8.68,High
s28,Spanish,item39,26,10,35,Adv,Target,High,6,5.67,High
s28,Spanish,item40,26,10,35,Adv,Target,High,3,6.18,High
s28,Spanish,item41,26,10,35,Adv,Target,Low,1,10.45,High
s28,Spanish,item42,26,10,35,Adv,Target,Low,1,7.66,High
s28,Spanish,item43,26,10,35,Adv,Target,Low,1,10.36,High
s28,Spanish,item44,26,10,35,Adv,Target,Low,2,9.36,High
s28,Spanish,item45,26,10,35,Adv,Target,Low,1,6.73,Low
s28,Spanish,item46,26,10,35,Adv,Target,Low,1,7.54,High
s28,Spanish,item47,26,10,35,Adv,Target,Low,2,6.39,Low
s28,Spanish,item48,26,10,35,Adv,Target,Low,5,8.65,High
s28,Spanish,item49,26,10,35,Adv,Target,Low,5,2.98,High
s28,Spanish,item50,26,10,35,Adv,Target,Low,4,10.2,High
s29,Spanish,item1,34,10,42,Int,Filler,NA,2,8.89,NA
s29,Spanish,item2,34,10,42,Int,Filler,NA,3,9.77,NA
s29,Spanish,item3,34,10,42,Int,Filler,NA,4,8.03,NA
s29,Spanish,item4,34,10,42,Int,Filler,NA,1,10.81,NA
s29,Spanish,item5,34,10,42,Int,Filler,NA,1,8.72,NA
s29,Spanish,item6,34,10,42,Int,Filler,NA,2,6.75,NA
s29,Spanish,item7,34,10,42,Int,Filler,NA,3,8.27,NA
s29,Spanish,item8,34,10,42,Int,Filler,NA,3,9.91,NA
s29,Spanish,item9,34,10,42,Int,Filler,NA,2,5.97,NA
s29,Spanish,item10,34,10,42,Int,Filler,NA,6,8.28,NA
s29,Spanish,item11,34,10,42,Int,Filler,NA,4,7.06,NA
s29,Spanish,item12,34,10,42,Int,Filler,NA,5,5.8,NA
s29,Spanish,item13,34,10,42,Int,Filler,NA,4,11.92,NA
s29,Spanish,item14,34,10,42,Int,Filler,NA,1,8.68,NA
s29,Spanish,item15,34,10,42,Int,Filler,NA,6,9.26,NA
s29,Spanish,item16,34,10,42,Int,Filler,NA,3,8.61,NA
s29,Spanish,item17,34,10,42,Int,Filler,NA,5,5.74,NA
s29,Spanish,item18,34,10,42,Int,Filler,NA,6,8.52,NA
s29,Spanish,item19,34,10,42,Int,Filler,NA,2,10.66,NA
s29,Spanish,item20,34,10,42,Int,Filler,NA,3,10.71,NA
s29,Spanish,item21,34,10,42,Int,Target,NoBreak,3,7.87,Low
s29,Spanish,item22,34,10,42,Int,Target,NoBreak,3,11.28,High
s29,Spanish,item23,34,10,42,Int,Target,NoBreak,2,11.25,High
s29,Spanish,item24,34,10,42,Int,Target,NoBreak,3,10.1,High
s29,Spanish,item25,34,10,42,Int,Target,NoBreak,3,11.53,High
s29,Spanish,item26,34,10,42,Int,Target,NoBreak,6,10.44,High
s29,Spanish,item27,34,10,42,Int,Target,NoBreak,4,9.62,High
s29,Spanish,item28,34,10,42,Int,Target,NoBreak,4,5.47,High
s29,Spanish,item29,34,10,42,Int,Target,NoBreak,2,9.89,Low
s29,Spanish,item30,34,10,42,Int,Target,NoBreak,1,8.86,High
s29,Spanish,item31,34,10,42,Int,Target,High,4,6.99,Low
s29,Spanish,item32,34,10,42,Int,Target,High,6,8.15,High
s29,Spanish,item33,34,10,42,Int,Target,High,3,6.73,High
s29,Spanish,item34,34,10,42,Int,Target,High,3,10.44,Low
s29,Spanish,item35,34,10,42,Int,Target,High,2,8.11,High
s29,Spanish,item36,34,10,42,Int,Target,High,3,6.16,High
s29,Spanish,item37,34,10,42,Int,Target,High,6,8.64,High
s29,Spanish,item38,34,10,42,Int,Target,High,6,6.23,High
s29,Spanish,item39,34,10,42,Int,Target,High,3,6.16,High
s29,Spanish,item40,34,10,42,Int,Target,High,3,5.37,High
s29,Spanish,item41,34,10,42,Int,Target,Low,5,8.1,High
s29,Spanish,item42,34,10,42,Int,Target,Low,4,8.44,High
s29,Spanish,item43,34,10,42,Int,Target,Low,1,10.97,Low
s29,Spanish,item44,34,10,42,Int,Target,Low,5,8.24,High
s29,Spanish,item45,34,10,42,Int,Target,Low,3,11.19,High
s29,Spanish,item46,34,10,42,Int,Target,Low,2,7,High
s29,Spanish,item47,34,10,42,Int,Target,Low,2,7.68,High
s29,Spanish,item48,34,10,42,Int,Target,Low,1,7.43,Low
s29,Spanish,item49,34,10,42,Int,Target,Low,2,6.8,Low
s29,Spanish,item50,34,10,42,Int,Target,Low,1,8.25,High
s30,Spanish,item1,49,5,21,Adv,Filler,NA,6,9.67,NA
s30,Spanish,item2,49,5,21,Adv,Filler,NA,3,8.47,NA
s30,Spanish,item3,49,5,21,Adv,Filler,NA,6,9.91,NA
s30,Spanish,item4,49,5,21,Adv,Filler,NA,2,11.85,NA
s30,Spanish,item5,49,5,21,Adv,Filler,NA,4,11.79,NA
s30,Spanish,item6,49,5,21,Adv,Filler,NA,4,6.52,NA
s30,Spanish,item7,49,5,21,Adv,Filler,NA,4,10.48,NA
s30,Spanish,item8,49,5,21,Adv,Filler,NA,1,7.62,NA
s30,Spanish,item9,49,5,21,Adv,Filler,NA,3,9.55,NA
s30,Spanish,item10,49,5,21,Adv,Filler,NA,5,9.97,NA
s30,Spanish,item11,49,5,21,Adv,Filler,NA,4,8.58,NA
s30,Spanish,item12,49,5,21,Adv,Filler,NA,1,8.28,NA
s30,Spanish,item13,49,5,21,Adv,Filler,NA,1,10.14,NA
s30,Spanish,item14,49,5,21,Adv,Filler,NA,2,10.03,NA
s30,Spanish,item15,49,5,21,Adv,Filler,NA,6,6.48,NA
s30,Spanish,item16,49,5,21,Adv,Filler,NA,3,8.05,NA
s30,Spanish,item17,49,5,21,Adv,Filler,NA,2,12.47,NA
s30,Spanish,item18,49,5,21,Adv,Filler,NA,4,8.73,NA
s30,Spanish,item19,49,5,21,Adv,Filler,NA,6,11,NA
s30,Spanish,item20,49,5,21,Adv,Filler,NA,5,9.51,NA
s30,Spanish,item21,49,5,21,Adv,Target,NoBreak,6,8.93,High
s30,Spanish,item22,49,5,21,Adv,Target,NoBreak,6,10.46,Low
s30,Spanish,item23,49,5,21,Adv,Target,NoBreak,5,10.63,Low
s30,Spanish,item24,49,5,21,Adv,Target,NoBreak,2,11.89,High
s30,Spanish,item25,49,5,21,Adv,Target,NoBreak,2,9.88,High
s30,Spanish,item26,49,5,21,Adv,Target,NoBreak,3,8.61,High
s30,Spanish,item27,49,5,21,Adv,Target,NoBreak,1,7.73,High
s30,Spanish,item28,49,5,21,Adv,Target,NoBreak,2,5.26,High
s30,Spanish,item29,49,5,21,Adv,Target,NoBreak,1,11.36,Low
s30,Spanish,item30,49,5,21,Adv,Target,NoBreak,5,10.34,Low
s30,Spanish,item31,49,5,21,Adv,Target,High,3,11.97,High
s30,Spanish,item32,49,5,21,Adv,Target,High,6,8.9,Low
s30,Spanish,item33,49,5,21,Adv,Target,High,5,11.18,Low
s30,Spanish,item34,49,5,21,Adv,Target,High,2,10.86,Low
s30,Spanish,item35,49,5,21,Adv,Target,High,3,7.51,High
s30,Spanish,item36,49,5,21,Adv,Target,High,6,9.89,High
s30,Spanish,item37,49,5,21,Adv,Target,High,3,13.04,Low
s30,Spanish,item38,49,5,21,Adv,Target,High,6,7.93,High
s30,Spanish,item39,49,5,21,Adv,Target,High,2,10.02,High
s30,Spanish,item40,49,5,21,Adv,Target,High,2,11.2,High
s30,Spanish,item41,49,5,21,Adv,Target,Low,5,10.43,Low
s30,Spanish,item42,49,5,21,Adv,Target,Low,1,12.37,Low
s30,Spanish,item43,49,5,21,Adv,Target,Low,4,11.96,Low
s30,Spanish,item44,49,5,21,Adv,Target,Low,4,9.24,Low
s30,Spanish,item45,49,5,21,Adv,Target,Low,5,11.16,Low
s30,Spanish,item46,49,5,21,Adv,Target,Low,3,10.33,Low
s30,Spanish,item47,49,5,21,Adv,Target,Low,1,11.81,High
s30,Spanish,item48,49,5,21,Adv,Target,Low,3,8.7,Low
s30,Spanish,item49,49,5,21,Adv,Target,Low,2,10.68,Low
s30,Spanish,item50,49,5,21,Adv,Target,Low,4,10.99,Low
